,province,district,product_name,year,planted_area,production_amount,yield_per_decare_kg
0,İzmir,Bayındır,BAKLA,2013,220.0,114.0,518.1818181818181
4,İzmir,Bergama,BAKLA,2013,1000.0,800.0,800.0
8,İzmir,Menderes,BAKLA,2013,41.0,37.0,902.439024390244
12,İzmir,Tire,BAKLA,2013,650.0,520.0,800.0
16,İzmir,Torbalı,BAKLA,2013,195.0,263.0,1348.7179487179487
20,İzmir,Ödemiş,BAKLA,2013,750.0,1125.0,1500.0
24,İzmir,Bayındır,BAKLA,2014,220.0,114.0,518.1818181818181
36,İzmir,Bergama,BAKLA,2014,1000.0,800.0,800.0
48,İzmir,Menderes,BAKLA,2014,41.0,37.0,902.439024390244
60,İzmir,Tire,BAKLA,2014,600.0,480.0,800.0
72,İzmir,Torbalı,BAKLA,2014,195.0,263.0,1348.7179487179487
84,İzmir,Ödemiş,BAKLA,2014,750.0,1125.0,1500.0
96,İzmir,Bayındır,BAKLA,2015,200.0,104.0,520.0
112,İzmir,Bergama,BAKLA,2015,1000.0,800.0,800.0
128,İzmir,Menderes,BAKLA,2015,46.0,41.0,891.304347826087
144,İzmir,Tire,BAKLA,2015,550.0,440.0,800.0
160,İzmir,Torbalı,BAKLA,2015,160.0,216.0,1350.0
176,İzmir,Ödemiş,BAKLA,2015,750.0,1125.0,1500.0
192,İzmir,Bayındır,BAKLA,2016,100.0,52.0,520.0
208,İzmir,Bergama,BAKLA,2016,1000.0,800.0,800.0
224,İzmir,Menderes,BAKLA,2016,46.0,41.0,891.304347826087
240,İzmir,Tire,BAKLA,2016,550.0,440.0,800.0
256,İzmir,Torbalı,BAKLA,2016,160.0,216.0,1350.0
272,İzmir,Ödemiş,BAKLA,2016,750.0,1125.0,1500.0
288,İzmir,Bayındır,BAKLA,2017,100.0,52.0,520.0
304,İzmir,Bergama,BAKLA,2017,1000.0,800.0,800.0
320,İzmir,Menderes,BAKLA,2017,37.0,22.0,594.5945945945946
336,İzmir,Tire,BAKLA,2017,600.0,480.0,800.0
352,İzmir,Torbalı,BAKLA,2017,200.0,270.0,1350.0
368,İzmir,Ödemiş,BAKLA,2017,750.0,1125.0,1500.0
384,İzmir,Bayındır,BAKLA,2018,100.0,52.0,520.0
396,İzmir,Bergama,BAKLA,2018,1000.0,800.0,800.0
408,İzmir,Menderes,BAKLA,2018,37.0,22.0,594.5945945945946
420,İzmir,Tire,BAKLA,2018,300.0,240.0,800.0
432,İzmir,Torbalı,BAKLA,2018,140.0,189.0,1350.0
444,İzmir,Ödemiş,BAKLA,2018,550.0,825.0,1500.0
456,İzmir,Bayındır,BAKLA,2019,50.0,26.0,520.0
468,İzmir,Bergama,BAKLA,2019,1000.0,800.0,800.0
480,İzmir,Menderes,BAKLA,2019,37.0,22.0,594.5945945945946
492,İzmir,Tire,BAKLA,2019,300.0,240.0,800.0
504,İzmir,Torbalı,BAKLA,2019,210.0,288.0,1371.4285714285713
516,İzmir,Ödemiş,BAKLA,2019,550.0,825.0,1500.0
528,İzmir,Bayındır,BAKLA,2020,50.0,26.0,520.0
536,İzmir,Bergama,BAKLA,2020,1000.0,800.0,800.0
544,İzmir,Menderes,BAKLA,2020,37.0,22.0,594.5945945945946
552,İzmir,Tire,BAKLA,2020,20.0,16.0,800.0
560,İzmir,Torbalı,BAKLA,2020,250.0,313.0,1252.0
568,İzmir,Ödemiş,BAKLA,2020,300.0,450.0,1500.0
576,İzmir,Bayındır,BAKLA,2021,50.0,26.0,520.0
588,İzmir,Bergama,BAKLA,2021,139.0,111.0,798.5611510791367
600,İzmir,Menderes,BAKLA,2021,30.0,18.0,600.0
612,İzmir,Tire,BAKLA,2021,16.0,13.0,812.5
624,İzmir,Torbalı,BAKLA,2021,316.0,395.0,1250.0
636,İzmir,Ödemiş,BAKLA,2021,150.0,225.0,1500.0
648,İzmir,Bayındır,BAKLA,2022,50.0,25.0,500.0
664,İzmir,Bergama,BAKLA,2022,333.0,266.0,798.7987987987988
680,İzmir,Menderes,BAKLA,2022,30.0,18.0,600.0
696,İzmir,Torbalı,BAKLA,2022,200.0,250.0,1250.0
712,İzmir,Ödemiş,BAKLA,2022,150.0,225.0,1500.0
728,İzmir,Bayındır,BAKLA,2023,40.0,20.0,500.0
740,İzmir,Bergama,BAKLA,2023,201.0,160.0,796.0199004975125
752,İzmir,Menderes,BAKLA,2023,30.0,18.0,600.0
764,İzmir,Torbalı,BAKLA,2023,150.0,180.0,1200.0
776,İzmir,Ödemiş,BAKLA,2023,200.0,300.0,1500.0
788,İzmir,Bayındır,BAKLA,2024,40.0,20.0,500.0
804,İzmir,Bergama,BAKLA,2024,182.0,145.0,796.7032967032967
820,İzmir,Menderes,BAKLA,2024,30.0,18.0,600.0
836,İzmir,Torbalı,BAKLA,2024,170.0,204.0,1200.0
852,İzmir,Ödemiş,BAKLA,2024,200.0,300.0,1500.0
868,İzmir,Bayındır,BAKLA,2025,21.0,11.0,523.8095238095239
872,İzmir,Bergama,BAKLA,2025,142.0,113.0,795.7746478873239
876,İzmir,Menderes,BAKLA,2025,20.0,12.0,600.0
880,İzmir,Torbalı,BAKLA,2025,130.0,176.0,1353.8461538461538
884,İzmir,Ödemiş,BAKLA,2025,250.0,375.0,1500.0
888,İzmir,Bayındır,BEZELYE,2013,1200.0,750.0,625.0
892,İzmir,Bergama,BEZELYE,2013,350.0,175.0,500.0
896,İzmir,Tire,BEZELYE,2013,1650.0,1237.0,749.6969696969697
900,İzmir,Torbalı,BEZELYE,2013,4065.0,3252.0,800.0
904,İzmir,Ödemiş,BEZELYE,2013,1715.0,1372.0,800.0
908,İzmir,Bayındır,BEZELYE,2014,1200.0,750.0,625.0
920,İzmir,Bergama,BEZELYE,2014,350.0,175.0,500.0
932,İzmir,Tire,BEZELYE,2014,1500.0,1125.0,750.0
944,İzmir,Torbalı,BEZELYE,2014,4065.0,3252.0,800.0
956,İzmir,Ödemiş,BEZELYE,2014,1715.0,3001.0,1749.854227405248
968,İzmir,Bayındır,BEZELYE,2015,1300.0,813.0,625.3846153846154
976,İzmir,Bergama,BEZELYE,2015,350.0,175.0,500.0
984,İzmir,Tire,BEZELYE,2015,1550.0,1163.0,750.3225806451613
992,İzmir,Torbalı,BEZELYE,2015,2440.0,2440.0,1000.0
1000,İzmir,Ödemiş,BEZELYE,2015,1715.0,3001.0,1749.854227405248
1008,İzmir,Bayındır,BEZELYE,2016,1000.0,625.0,625.0
1016,İzmir,Bergama,BEZELYE,2016,350.0,175.0,500.0
1024,İzmir,Tire,BEZELYE,2016,1600.0,1280.0,800.0
1032,İzmir,Torbalı,BEZELYE,2016,2400.0,2760.0,1150.0
1040,İzmir,Ödemiş,BEZELYE,2016,1715.0,3001.0,1749.854227405248
1048,İzmir,Bayındır,BEZELYE,2017,1000.0,625.0,625.0
1056,İzmir,Bergama,BEZELYE,2017,350.0,175.0,500.0
1064,İzmir,Tire,BEZELYE,2017,1500.0,1200.0,800.0
1072,İzmir,Torbalı,BEZELYE,2017,1650.0,1898.0,1150.3030303030303
1080,İzmir,Ödemiş,BEZELYE,2017,2215.0,3876.0,1749.8871331828443
1088,İzmir,Bayındır,BEZELYE,2018,1000.0,625.0,625.0
1100,İzmir,Bergama,BEZELYE,2018,350.0,175.0,500.0
1112,İzmir,Tire,BEZELYE,2018,2000.0,1600.0,800.0
1124,İzmir,Torbalı,BEZELYE,2018,1400.0,1610.0,1150.0
1136,İzmir,Ödemiş,BEZELYE,2018,2000.0,3500.0,1750.0
1148,İzmir,Bayındır,BEZELYE,2019,800.0,500.0,625.0
1156,İzmir,Bergama,BEZELYE,2019,350.0,175.0,500.0
1164,İzmir,Tire,BEZELYE,2019,2000.0,1600.0,800.0
1172,İzmir,Torbalı,BEZELYE,2019,1500.0,1800.0,1200.0
1180,İzmir,Ödemiş,BEZELYE,2019,2000.0,3500.0,1750.0
1188,İzmir,Bayındır,BEZELYE,2020,300.0,300.0,1000.0
1196,İzmir,Bergama,BEZELYE,2020,350.0,175.0,500.0
1204,İzmir,Tire,BEZELYE,2020,1130.0,904.0,800.0
1212,İzmir,Torbalı,BEZELYE,2020,6150.0,7686.0,1249.7560975609756
1220,İzmir,Ödemiş,BEZELYE,2020,750.0,1313.0,1750.6666666666667
1228,İzmir,Bayındır,BEZELYE,2021,650.0,650.0,1000.0
1236,İzmir,Bergama,BEZELYE,2021,39.0,20.0,512.8205128205128
1244,İzmir,Tire,BEZELYE,2021,1021.0,817.0,800.1958863858962
1252,İzmir,Torbalı,BEZELYE,2021,5500.0,6875.0,1250.0
1260,İzmir,Ödemiş,BEZELYE,2021,900.0,1575.0,1750.0
1268,İzmir,Bayındır,BEZELYE,2022,210.0,315.0,1500.0
1276,İzmir,Bergama,BEZELYE,2022,3.0,2.0,666.6666666666666
1284,İzmir,Tire,BEZELYE,2022,1369.0,1095.0,799.853907962016
1292,İzmir,Torbalı,BEZELYE,2022,5750.0,7188.0,1250.0869565217392
1300,İzmir,Ödemiş,BEZELYE,2022,800.0,1400.0,1750.0
1308,İzmir,Bayındır,BEZELYE,2023,400.0,600.0,1500.0
1324,İzmir,Bergama,BEZELYE,2023,84.0,56.0,666.6666666666666
1340,İzmir,Tire,BEZELYE,2023,1297.0,1038.0,800.3084040092522
1356,İzmir,Torbalı,BEZELYE,2023,6575.0,7890.0,1200.0
1372,İzmir,Ödemiş,BEZELYE,2023,2000.0,3500.0,1750.0
1388,İzmir,Bayındır,BEZELYE,2024,300.0,450.0,1500.0
1404,İzmir,Bergama,BEZELYE,2024,150.0,100.0,666.6666666666666
1420,İzmir,Tire,BEZELYE,2024,1250.0,1000.0,800.0
1436,İzmir,Torbalı,BEZELYE,2024,6550.0,8188.0,1250.0763358778627
1452,İzmir,Ödemiş,BEZELYE,2024,1750.0,2625.0,1500.0
1468,İzmir,Bayındır,BEZELYE,2025,324.0,486.0,1500.0
1484,İzmir,Bergama,BEZELYE,2025,90.0,60.0,666.6666666666666
1500,İzmir,Tire,BEZELYE,2025,1850.0,2775.0,1500.0
1516,İzmir,Torbalı,BEZELYE,2025,6750.0,10125.0,1500.0
1532,İzmir,Ödemiş,BEZELYE,2025,500.0,750.0,1500.0
1548,İzmir,Bayındır,BIBER SIVRI,2013,2300.0,7353.0,3196.9565217391305
1552,İzmir,Bergama,BIBER SIVRI,2013,1500.0,1499.0,999.3333333333334
1556,İzmir,Menderes,BIBER SIVRI,2013,980.0,1826.0,1863.265306122449
1560,İzmir,Tire,BIBER SIVRI,2013,1400.0,2099.0,1499.2857142857142
1564,İzmir,Torbalı,BIBER SIVRI,2013,1970.0,4931.0,2503.0456852791876
1568,İzmir,Ödemiş,BIBER SIVRI,2013,2000.0,5994.0,2997.0
1572,İzmir,Bayındır,BIBER SIVRI,2014,2300.0,7360.0,3200.0
1588,İzmir,Bergama,BIBER SIVRI,2014,1500.0,1500.0,1000.0
1604,İzmir,Menderes,BIBER SIVRI,2014,1020.0,1900.0,1862.7450980392157
1620,İzmir,Tire,BIBER SIVRI,2014,1400.0,2100.0,1500.0
1636,İzmir,Torbalı,BIBER SIVRI,2014,1967.0,4926.0,2504.3213014743264
1652,İzmir,Ödemiş,BIBER SIVRI,2014,1500.0,4500.0,3000.0
1668,İzmir,Bayındır,BIBER SIVRI,2015,1800.0,5760.0,3200.0
1684,İzmir,Bergama,BIBER SIVRI,2015,1500.0,1500.0,1000.0
1700,İzmir,Menderes,BIBER SIVRI,2015,2014.0,4474.0,2221.449851042701
1716,İzmir,Tire,BIBER SIVRI,2015,1350.0,2025.0,1500.0
1732,İzmir,Torbalı,BIBER SIVRI,2015,1667.0,5495.0,3296.340731853629
1748,İzmir,Ödemiş,BIBER SIVRI,2015,1500.0,4500.0,3000.0
1764,İzmir,Bayındır,BIBER SIVRI,2016,1800.0,5749.0,3193.8888888888887
1780,İzmir,Bergama,BIBER SIVRI,2016,1500.0,1497.0,998.0
1796,İzmir,Menderes,BIBER SIVRI,2016,2064.0,4600.0,2228.6821705426355
1812,İzmir,Tire,BIBER SIVRI,2016,1350.0,2021.0,1497.037037037037
1828,İzmir,Torbalı,BIBER SIVRI,2016,1570.0,5164.0,3289.171974522293
1844,İzmir,Ödemiş,BIBER SIVRI,2016,1500.0,4491.0,2994.0
1860,İzmir,Bayındır,BIBER SIVRI,2017,800.0,2560.0,3200.0
1876,İzmir,Bergama,BIBER SIVRI,2017,1500.0,1500.0,1000.0
1892,İzmir,Menderes,BIBER SIVRI,2017,2320.0,5011.0,2159.9137931034484
1908,İzmir,Tire,BIBER SIVRI,2017,1200.0,1800.0,1500.0
1924,İzmir,Torbalı,BIBER SIVRI,2017,1560.0,5065.0,3246.7948717948716
1940,İzmir,Ödemiş,BIBER SIVRI,2017,1500.0,4499.0,2999.3333333333335
1956,İzmir,Bayındır,BIBER SIVRI,2018,800.0,2560.0,3200.0
1972,İzmir,Bergama,BIBER SIVRI,2018,1500.0,1500.0,1000.0
1988,İzmir,Menderes,BIBER SIVRI,2018,2320.0,5006.0,2157.7586206896553
2004,İzmir,Tire,BIBER SIVRI,2018,1000.0,1500.0,1500.0
2020,İzmir,Torbalı,BIBER SIVRI,2018,1703.0,5529.0,3246.6236054022315
2036,İzmir,Ödemiş,BIBER SIVRI,2018,1750.0,5248.0,2998.8571428571427
2052,İzmir,Bayındır,BIBER SIVRI,2019,800.0,2560.0,3200.0
2068,İzmir,Bergama,BIBER SIVRI,2019,1500.0,1500.0,1000.0
2084,İzmir,Menderes,BIBER SIVRI,2019,2170.0,4616.0,2127.188940092166
2100,İzmir,Tire,BIBER SIVRI,2019,1000.0,1500.0,1500.0
2116,İzmir,Torbalı,BIBER SIVRI,2019,1795.0,6095.0,3395.5431754874653
2132,İzmir,Ödemiş,BIBER SIVRI,2019,2000.0,6000.0,3000.0
2148,İzmir,Bayındır,BIBER SIVRI,2020,2300.0,9200.0,4000.0
2164,İzmir,Bergama,BIBER SIVRI,2020,1500.0,1500.0,1000.0
2180,İzmir,Menderes,BIBER SIVRI,2020,2170.0,5764.0,2656.221198156682
2196,İzmir,Tire,BIBER SIVRI,2020,315.0,473.0,1501.5873015873017
2212,İzmir,Torbalı,BIBER SIVRI,2020,1660.0,5558.0,3348.1927710843374
2228,İzmir,Ödemiş,BIBER SIVRI,2020,1500.0,6000.0,4000.0
2244,İzmir,Bayındır,BIBER SIVRI,2021,1900.0,7600.0,4000.0
2260,İzmir,Bergama,BIBER SIVRI,2021,108.0,108.0,1000.0
2276,İzmir,Menderes,BIBER SIVRI,2021,2170.0,5764.0,2656.221198156682
2292,İzmir,Tire,BIBER SIVRI,2021,379.0,569.0,1501.3192612137202
2308,İzmir,Torbalı,BIBER SIVRI,2021,1758.0,5712.0,3249.146757679181
2324,İzmir,Ödemiş,BIBER SIVRI,2021,500.0,2000.0,4000.0
2340,İzmir,Bayındır,BIBER SIVRI,2022,1515.0,6060.0,4000.0
2356,İzmir,Bergama,BIBER SIVRI,2022,127.0,127.0,1000.0
2372,İzmir,Menderes,BIBER SIVRI,2022,2170.0,5764.0,2656.221198156682
2388,İzmir,Torbalı,BIBER SIVRI,2022,1781.0,6234.0,3500.2807411566537
2404,İzmir,Ödemiş,BIBER SIVRI,2022,500.0,2000.0,4000.0
2420,İzmir,Bayındır,BIBER SIVRI,2023,1450.0,4640.0,3200.0
2436,İzmir,Bergama,BIBER SIVRI,2023,194.0,194.0,1000.0
2452,İzmir,Menderes,BIBER SIVRI,2023,1929.0,5342.0,2769.310523587351
2468,İzmir,Torbalı,BIBER SIVRI,2023,1460.0,4380.0,3000.0
2484,İzmir,Ödemiş,BIBER SIVRI,2023,1500.0,6000.0,4000.0
2500,İzmir,Bayındır,BIBER SIVRI,2024,1400.0,4480.0,3200.0
2516,İzmir,Bergama,BIBER SIVRI,2024,719.0,719.0,1000.0
2532,İzmir,Menderes,BIBER SIVRI,2024,1361.0,3152.0,2315.944158706833
2548,İzmir,Torbalı,BIBER SIVRI,2024,1845.0,5535.0,3000.0
2564,İzmir,Ödemiş,BIBER SIVRI,2024,1500.0,5250.0,3500.0
2580,İzmir,Bayındır,BIBER SIVRI,2025,1521.0,4867.0,3199.868507560815
2596,İzmir,Bergama,BIBER SIVRI,2025,779.0,779.0,1000.0
2612,İzmir,Menderes,BIBER SIVRI,2025,810.0,1944.0,2400.0
2628,İzmir,Torbalı,BIBER SIVRI,2025,1900.0,5700.0,3000.0
2644,İzmir,Ödemiş,BIBER SIVRI,2025,1000.0,3500.0,3500.0
2660,İzmir,Bergama,BROKOLI,2013,250.0,625.0,2500.0
2664,İzmir,Menderes,BROKOLI,2013,200.0,380.0,1900.0
2668,İzmir,Tire,BROKOLI,2013,100.0,150.0,1500.0
2672,İzmir,Torbalı,BROKOLI,2013,510.0,918.0,1800.0
2676,İzmir,Ödemiş,BROKOLI,2013,250.0,500.0,2000.0
2680,İzmir,Bergama,BROKOLI,2014,250.0,625.0,2500.0
2696,İzmir,Menderes,BROKOLI,2014,200.0,380.0,1900.0
2712,İzmir,Tire,BROKOLI,2014,100.0,150.0,1500.0
2728,İzmir,Torbalı,BROKOLI,2014,510.0,918.0,1800.0
2744,İzmir,Ödemiş,BROKOLI,2014,2000.0,5000.0,2500.0
2760,İzmir,Bergama,BROKOLI,2015,250.0,625.0,2500.0
2776,İzmir,Menderes,BROKOLI,2015,200.0,380.0,1900.0
2792,İzmir,Tire,BROKOLI,2015,110.0,165.0,1500.0
2808,İzmir,Torbalı,BROKOLI,2015,3280.0,5904.0,1800.0
2824,İzmir,Ödemiş,BROKOLI,2015,2000.0,5000.0,2500.0
2840,İzmir,Bergama,BROKOLI,2016,250.0,625.0,2500.0
2856,İzmir,Menderes,BROKOLI,2016,200.0,380.0,1900.0
2872,İzmir,Tire,BROKOLI,2016,150.0,225.0,1500.0
2888,İzmir,Torbalı,BROKOLI,2016,5350.0,10700.0,2000.0
2904,İzmir,Ödemiş,BROKOLI,2016,2520.0,6300.0,2500.0
2920,İzmir,Bergama,BROKOLI,2017,250.0,625.0,2500.0
2932,İzmir,Menderes,BROKOLI,2017,180.0,342.0,1900.0
2944,İzmir,Tire,BROKOLI,2017,150.0,225.0,1500.0
2956,İzmir,Torbalı,BROKOLI,2017,8165.0,19188.0,2350.0306184935703
2968,İzmir,Ödemiş,BROKOLI,2017,2520.0,6300.0,2500.0
2980,İzmir,Bergama,BROKOLI,2018,100.0,250.0,2500.0
2992,İzmir,Menderes,BROKOLI,2018,180.0,342.0,1900.0
3004,İzmir,Tire,BROKOLI,2018,1000.0,1500.0,1500.0
3016,İzmir,Torbalı,BROKOLI,2018,8950.0,17900.0,2000.0
3028,İzmir,Ödemiş,BROKOLI,2018,2500.0,6250.0,2500.0
3040,İzmir,Bayındır,BROKOLI,2019,2000.0,4000.0,2000.0
3056,İzmir,Bergama,BROKOLI,2019,100.0,250.0,2500.0
3072,İzmir,Menderes,BROKOLI,2019,180.0,342.0,1900.0
3088,İzmir,Tire,BROKOLI,2019,1000.0,1500.0,1500.0
3104,İzmir,Torbalı,BROKOLI,2019,8950.0,22375.0,2500.0
3120,İzmir,Ödemiş,BROKOLI,2019,2500.0,6250.0,2500.0
3136,İzmir,Bayındır,BROKOLI,2020,1390.0,2780.0,2000.0
3148,İzmir,Bergama,BROKOLI,2020,100.0,250.0,2500.0
3160,İzmir,Menderes,BROKOLI,2020,130.0,247.0,1900.0
3172,İzmir,Tire,BROKOLI,2020,1000.0,1500.0,1500.0
3184,İzmir,Torbalı,BROKOLI,2020,11190.0,27966.0,2499.195710455764
3196,İzmir,Ödemiş,BROKOLI,2020,2500.0,6250.0,2500.0
3208,İzmir,Bayındır,BROKOLI,2021,1500.0,3000.0,2000.0
3224,İzmir,Bergama,BROKOLI,2021,782.0,1955.0,2500.0
3240,İzmir,Menderes,BROKOLI,2021,162.0,308.0,1901.2345679012346
3256,İzmir,Tire,BROKOLI,2021,2025.0,5063.0,2500.246913580247
3272,İzmir,Torbalı,BROKOLI,2021,11750.0,27025.0,2300.0
3288,İzmir,Ödemiş,BROKOLI,2021,3250.0,8125.0,2500.0
3304,İzmir,Bayındır,BROKOLI,2022,1750.0,3500.0,2000.0
3320,İzmir,Bergama,BROKOLI,2022,785.0,1963.0,2500.6369426751594
3336,İzmir,Menderes,BROKOLI,2022,162.0,308.0,1901.2345679012346
3352,İzmir,Tire,BROKOLI,2022,3086.0,7715.0,2500.0
3368,İzmir,Torbalı,BROKOLI,2022,9760.0,24400.0,2500.0
3384,İzmir,Ödemiş,BROKOLI,2022,3500.0,8750.0,2500.0
3400,İzmir,Bayındır,BROKOLI,2023,1900.0,3800.0,2000.0
3416,İzmir,Bergama,BROKOLI,2023,667.0,1668.0,2500.7496251874063
3432,İzmir,Menderes,BROKOLI,2023,162.0,308.0,1901.2345679012346
3448,İzmir,Tire,BROKOLI,2023,2700.0,6750.0,2500.0
3464,İzmir,Torbalı,BROKOLI,2023,9475.0,20845.0,2200.0
3480,İzmir,Ödemiş,BROKOLI,2023,4350.0,10875.0,2500.0
3496,İzmir,Bayındır,BROKOLI,2024,1900.0,3800.0,2000.0
3512,İzmir,Bergama,BROKOLI,2024,819.0,2048.0,2500.610500610501
3528,İzmir,Menderes,BROKOLI,2024,400.0,760.0,1900.0
3544,İzmir,Tire,BROKOLI,2024,5350.0,13375.0,2500.0
3560,İzmir,Torbalı,BROKOLI,2024,10950.0,27375.0,2500.0
3576,İzmir,Ödemiş,BROKOLI,2024,4500.0,11250.0,2500.0
3592,İzmir,Bayındır,BROKOLI,2025,1968.0,4920.0,2500.0
3608,İzmir,Bergama,BROKOLI,2025,2299.0,5750.0,2501.0874293170946
3624,İzmir,Menderes,BROKOLI,2025,900.0,1710.0,1900.0
3640,İzmir,Tire,BROKOLI,2025,6450.0,16125.0,2500.0
3656,İzmir,Torbalı,BROKOLI,2025,18250.0,45625.0,2500.0
3672,İzmir,Ödemiş,BROKOLI,2025,5000.0,12500.0,2500.0
3688,İzmir,Bayındır,DOMATES SALKIM,2013,2200.0,14947.0,6794.090909090909
3692,İzmir,Bergama,DOMATES SALKIM,2013,13648.0,88276.0,6468.053927315357
3696,İzmir,Menderes,DOMATES SALKIM,2013,1383.0,4970.0,3593.637020968908
3700,İzmir,Tire,DOMATES SALKIM,2013,550.0,2198.0,3996.3636363636365
3704,İzmir,Torbalı,DOMATES SALKIM,2013,6490.0,42286.0,6515.562403697997
3708,İzmir,Ödemiş,DOMATES SALKIM,2013,3058.0,15568.0,5090.909090909091
3712,İzmir,Bayındır,DOMATES SALKIM,2014,2200.0,15224.0,6920.0
3728,İzmir,Bergama,DOMATES SALKIM,2014,11779.0,84121.0,7141.607946345191
3744,İzmir,Menderes,DOMATES SALKIM,2014,1383.0,5045.0,3647.8669558929864
3760,İzmir,Tire,DOMATES SALKIM,2014,550.0,2239.0,4070.909090909091
3776,İzmir,Torbalı,DOMATES SALKIM,2014,6485.0,42987.0,6628.681572860447
3792,İzmir,Ödemiş,DOMATES SALKIM,2014,3052.0,23413.0,7671.363040629096
3808,İzmir,Bayındır,DOMATES SALKIM,2015,2000.0,13726.0,6863.0
3824,İzmir,Bergama,DOMATES SALKIM,2015,11864.0,85315.0,7191.08226567768
3840,İzmir,Menderes,DOMATES SALKIM,2015,1393.0,5028.0,3609.475951184494
3856,İzmir,Tire,DOMATES SALKIM,2015,550.0,2727.0,4958.181818181818
3872,İzmir,Torbalı,DOMATES SALKIM,2015,4862.0,31456.0,6469.765528589058
3888,İzmir,Ödemiş,DOMATES SALKIM,2015,3052.0,22833.0,7481.32372214941
3904,İzmir,Bayındır,DOMATES SALKIM,2016,2000.0,14202.0,7101.0
3920,İzmir,Bergama,DOMATES SALKIM,2016,10664.0,103170.0,9674.606151537884
3936,İzmir,Menderes,DOMATES SALKIM,2016,1503.0,6750.0,4491.017964071856
3952,İzmir,Tire,DOMATES SALKIM,2016,600.0,3135.0,5225.0
3968,İzmir,Torbalı,DOMATES SALKIM,2016,4530.0,30563.0,6746.799116997792
3984,İzmir,Ödemiş,DOMATES SALKIM,2016,5052.0,39316.0,7782.264449722882
4000,İzmir,Bayındır,DOMATES SALKIM,2017,2000.0,13882.0,6941.0
4016,İzmir,Bergama,DOMATES SALKIM,2017,10935.0,103441.0,9459.625057155921
4032,İzmir,Menderes,DOMATES SALKIM,2017,1200.0,5668.0,4723.333333333333
4048,İzmir,Tire,DOMATES SALKIM,2017,600.0,3034.0,5056.666666666667
4064,İzmir,Torbalı,DOMATES SALKIM,2017,3400.0,22625.0,6654.411764705882
4080,İzmir,Ödemiş,DOMATES SALKIM,2017,6052.0,46028.0,7605.419695968275
4096,İzmir,Bayındır,DOMATES SALKIM,2018,1000.0,6954.0,6954.0
4112,İzmir,Bergama,DOMATES SALKIM,2018,8934.0,89351.0,10001.23125139915
4128,İzmir,Menderes,DOMATES SALKIM,2018,1000.0,3669.0,3669.0
4144,İzmir,Tire,DOMATES SALKIM,2018,1000.0,5066.0,5066.0
4160,İzmir,Torbalı,DOMATES SALKIM,2018,1875.0,12434.0,6631.466666666666
4176,İzmir,Ödemiş,DOMATES SALKIM,2018,6558.0,49971.0,7619.853613906679
4192,İzmir,Bayındır,DOMATES SALKIM,2019,1000.0,6954.0,6954.0
4208,İzmir,Bergama,DOMATES SALKIM,2019,8787.0,87380.0,9944.235802890635
4224,İzmir,Menderes,DOMATES SALKIM,2019,1550.0,5910.0,3812.9032258064517
4240,İzmir,Tire,DOMATES SALKIM,2019,1000.0,5050.0,5050.0
4256,İzmir,Torbalı,DOMATES SALKIM,2019,810.0,6075.0,7500.0
4272,İzmir,Ödemiş,DOMATES SALKIM,2019,6552.0,49266.0,7519.2307692307695
4288,İzmir,Bayındır,DOMATES SALKIM,2020,700.0,3500.0,5000.0
4304,İzmir,Bergama,DOMATES SALKIM,2020,8854.0,85810.0,9691.664784278293
4320,İzmir,Menderes,DOMATES SALKIM,2020,4611.0,15010.0,3255.2591628713944
4336,İzmir,Tire,DOMATES SALKIM,2020,400.0,2020.0,5050.0
4352,İzmir,Torbalı,DOMATES SALKIM,2020,1165.0,7678.0,6590.557939914163
4368,İzmir,Ödemiş,DOMATES SALKIM,2020,6000.0,45000.0,7500.0
4384,İzmir,Bayındır,DOMATES SALKIM,2021,500.0,2500.0,5000.0
4400,İzmir,Bergama,DOMATES SALKIM,2021,1854.0,34068.0,18375.404530744338
4416,İzmir,Menderes,DOMATES SALKIM,2021,3833.0,12559.0,3276.545786590138
4432,İzmir,Tire,DOMATES SALKIM,2021,796.0,4020.0,5050.251256281407
4448,İzmir,Torbalı,DOMATES SALKIM,2021,1680.0,8963.0,5335.119047619048
4464,İzmir,Ödemiş,DOMATES SALKIM,2021,2000.0,14000.0,7000.0
4480,İzmir,Bayındır,DOMATES SALKIM,2022,300.0,1507.0,5023.333333333333
4496,İzmir,Bergama,DOMATES SALKIM,2022,1839.0,34754.0,18898.31430125068
4512,İzmir,Menderes,DOMATES SALKIM,2022,2077.0,7057.0,3397.6889744824266
4528,İzmir,Tire,DOMATES SALKIM,2022,1165.0,5970.0,5124.4635193133045
4544,İzmir,Torbalı,DOMATES SALKIM,2022,1005.0,6138.0,6107.462686567164
4560,İzmir,Ödemiş,DOMATES SALKIM,2022,3000.0,22606.0,7535.333333333333
4576,İzmir,Bayındır,DOMATES SALKIM,2023,300.0,1507.0,5023.333333333333
4592,İzmir,Bergama,DOMATES SALKIM,2023,1894.0,23954.0,12647.307286166842
4608,İzmir,Menderes,DOMATES SALKIM,2023,1080.0,3790.0,3509.259259259259
4624,İzmir,Tire,DOMATES SALKIM,2023,950.0,4845.0,5100.0
4640,İzmir,Torbalı,DOMATES SALKIM,2023,1305.0,6625.0,5076.628352490421
4656,İzmir,Ödemiş,DOMATES SALKIM,2023,3500.0,35000.0,10000.0
4672,İzmir,Bayındır,DOMATES SALKIM,2024,1000.0,5000.0,5000.0
4688,İzmir,Bergama,DOMATES SALKIM,2024,11969.0,90970.0,7600.467875344641
4704,İzmir,Menderes,DOMATES SALKIM,2024,1070.0,4680.0,4373.8317757009345
4720,İzmir,Tire,DOMATES SALKIM,2024,850.0,4335.0,5100.0
4736,İzmir,Torbalı,DOMATES SALKIM,2024,3276.0,18109.0,5527.777777777777
4752,İzmir,Ödemiş,DOMATES SALKIM,2024,2000.0,16000.0,8000.0
4768,İzmir,Bayındır,DOMATES SALKIM,2025,785.0,5107.0,6505.732484076433
4784,İzmir,Bergama,DOMATES SALKIM,2025,11268.0,90043.0,7991.036563720269
4800,İzmir,Menderes,DOMATES SALKIM,2025,610.0,2457.0,4027.8688524590166
4816,İzmir,Tire,DOMATES SALKIM,2025,1650.0,10732.0,6504.242424242424
4832,İzmir,Torbalı,DOMATES SALKIM,2025,6580.0,39597.0,6017.781155015197
4848,İzmir,Ödemiş,DOMATES SALKIM,2025,2000.0,15010.0,7505.0
4864,İzmir,Bayındır,SALATALIK SILOR,2013,5000.0,21500.0,4300.0
4868,İzmir,Bergama,SALATALIK SILOR,2013,1404.0,2404.0,1712.2507122507122
4872,İzmir,Menderes,SALATALIK SILOR,2013,6137.0,147288.0,24000.0
4876,İzmir,Tire,SALATALIK SILOR,2013,650.0,1300.0,2000.0
4880,İzmir,Torbalı,SALATALIK SILOR,2013,395.0,2250.0,5696.202531645569
4884,İzmir,Ödemiş,SALATALIK SILOR,2013,5080.0,6280.0,1236.2204724409448
4888,İzmir,Bayındır,SALATALIK SILOR,2014,5000.0,21500.0,4300.0
4904,İzmir,Bergama,SALATALIK SILOR,2014,1404.0,2404.0,1712.2507122507122
4920,İzmir,Menderes,SALATALIK SILOR,2014,6337.0,152088.0,24000.0
4936,İzmir,Tire,SALATALIK SILOR,2014,600.0,1200.0,2000.0
4952,İzmir,Torbalı,SALATALIK SILOR,2014,395.0,2250.0,5696.202531645569
4968,İzmir,Ödemiş,SALATALIK SILOR,2014,5070.0,6400.0,1262.32741617357
4984,İzmir,Bayındır,SALATALIK SILOR,2015,5000.0,21500.0,4300.0
5000,İzmir,Bergama,SALATALIK SILOR,2015,1404.0,2404.0,1712.2507122507122
5016,İzmir,Menderes,SALATALIK SILOR,2015,4691.0,112584.0,24000.0
5032,İzmir,Tire,SALATALIK SILOR,2015,600.0,1200.0,2000.0
5048,İzmir,Torbalı,SALATALIK SILOR,2015,513.0,2708.0,5278.752436647173
5064,İzmir,Ödemiş,SALATALIK SILOR,2015,5070.0,6400.0,1262.32741617357
5080,İzmir,Bayındır,SALATALIK SILOR,2016,3000.0,12900.0,4300.0
5096,İzmir,Bergama,SALATALIK SILOR,2016,1404.0,2404.0,1712.2507122507122
5112,İzmir,Menderes,SALATALIK SILOR,2016,4871.0,116904.0,24000.0
5128,İzmir,Tire,SALATALIK SILOR,2016,600.0,1200.0,2000.0
5144,İzmir,Torbalı,SALATALIK SILOR,2016,385.0,2170.0,5636.363636363636
5160,İzmir,Ödemiş,SALATALIK SILOR,2016,3070.0,5210.0,1697.0684039087948
5176,İzmir,Bayındır,SALATALIK SILOR,2017,2000.0,8600.0,4300.0
5192,İzmir,Bergama,SALATALIK SILOR,2017,1226.0,2196.0,1791.1908646003262
5208,İzmir,Menderes,SALATALIK SILOR,2017,5039.0,120936.0,24000.0
5224,İzmir,Tire,SALATALIK SILOR,2017,600.0,1200.0,2000.0
5240,İzmir,Torbalı,SALATALIK SILOR,2017,505.0,2710.0,5366.336633663366
5256,İzmir,Ödemiş,SALATALIK SILOR,2017,3070.0,5900.0,1921.8241042345278
5272,İzmir,Bayındır,SALATALIK SILOR,2018,1500.0,6450.0,4300.0
5288,İzmir,Bergama,SALATALIK SILOR,2018,1026.0,1856.0,1808.9668615984406
5304,İzmir,Menderes,SALATALIK SILOR,2018,5079.0,101580.0,20000.0
5320,İzmir,Tire,SALATALIK SILOR,2018,300.0,600.0,2000.0
5336,İzmir,Torbalı,SALATALIK SILOR,2018,378.0,2138.0,5656.084656084656
5352,İzmir,Ödemiş,SALATALIK SILOR,2018,2080.0,4600.0,2211.5384615384614
5368,İzmir,Bayındır,SALATALIK SILOR,2019,1000.0,4300.0,4300.0
5384,İzmir,Bergama,SALATALIK SILOR,2019,1018.0,1844.0,1811.3948919449901
5400,İzmir,Menderes,SALATALIK SILOR,2019,4930.0,98600.0,20000.0
5416,İzmir,Tire,SALATALIK SILOR,2019,300.0,600.0,2000.0
5432,İzmir,Torbalı,SALATALIK SILOR,2019,285.0,1623.0,5694.736842105263
5448,İzmir,Ödemiş,SALATALIK SILOR,2019,2070.0,4400.0,2125.6038647342993
5464,İzmir,Bayındır,SALATALIK SILOR,2020,145.0,508.0,3503.448275862069
5480,İzmir,Bergama,SALATALIK SILOR,2020,1011.0,1788.0,1768.545994065282
5496,İzmir,Menderes,SALATALIK SILOR,2020,4930.0,98600.0,20000.0
5512,İzmir,Tire,SALATALIK SILOR,2020,120.0,240.0,2000.0
5528,İzmir,Torbalı,SALATALIK SILOR,2020,250.0,1331.0,5324.0
5544,İzmir,Ödemiş,SALATALIK SILOR,2020,1000.0,4500.0,4500.0
5560,İzmir,Bayındır,SALATALIK SILOR,2021,100.0,350.0,3500.0
5576,İzmir,Bergama,SALATALIK SILOR,2021,99.0,1432.0,14464.646464646465
5592,İzmir,Menderes,SALATALIK SILOR,2021,4930.0,98600.0,20000.0
5608,İzmir,Tire,SALATALIK SILOR,2021,118.0,236.0,2000.0
5624,İzmir,Torbalı,SALATALIK SILOR,2021,275.0,1225.0,4454.545454545455
5640,İzmir,Ödemiş,SALATALIK SILOR,2021,100.0,450.0,4500.0
5656,İzmir,Bayındır,SALATALIK SILOR,2022,100.0,350.0,3500.0
5672,İzmir,Bergama,SALATALIK SILOR,2022,75.0,1583.0,21106.666666666668
5688,İzmir,Menderes,SALATALIK SILOR,2022,4930.0,98600.0,20000.0
5704,İzmir,Tire,SALATALIK SILOR,2022,207.0,414.0,2000.0
5720,İzmir,Torbalı,SALATALIK SILOR,2022,205.0,948.0,4624.390243902439
5736,İzmir,Ödemiş,SALATALIK SILOR,2022,100.0,450.0,4500.0
5752,İzmir,Bayındır,SALATALIK SILOR,2023,100.0,350.0,3500.0
5768,İzmir,Bergama,SALATALIK SILOR,2023,34.0,244.0,7176.470588235294
5784,İzmir,Menderes,SALATALIK SILOR,2023,4950.0,99000.0,20000.0
5800,İzmir,Tire,SALATALIK SILOR,2023,186.0,372.0,2000.0
5816,İzmir,Torbalı,SALATALIK SILOR,2023,168.0,900.0,5357.142857142857
5832,İzmir,Ödemiş,SALATALIK SILOR,2023,2000.0,9000.0,4500.0
5848,İzmir,Bayındır,SALATALIK SILOR,2024,100.0,350.0,3500.0
5864,İzmir,Bergama,SALATALIK SILOR,2024,231.0,579.0,2506.4935064935066
5880,İzmir,Menderes,SALATALIK SILOR,2024,5400.0,108000.0,20000.0
5896,İzmir,Tire,SALATALIK SILOR,2024,160.0,320.0,2000.0
5912,İzmir,Torbalı,SALATALIK SILOR,2024,193.0,1035.0,5362.694300518135
5928,İzmir,Ödemiş,SALATALIK SILOR,2024,1500.0,6750.0,4500.0
5944,İzmir,Bayındır,SALATALIK SILOR,2025,124.0,436.0,3516.1290322580644
5960,İzmir,Bergama,SALATALIK SILOR,2025,204.0,349.0,1710.7843137254902
5976,İzmir,Menderes,SALATALIK SILOR,2025,4400.0,88439.0,20099.772727272728
5992,İzmir,Tire,SALATALIK SILOR,2025,2100.0,9480.0,4514.285714285715
6008,İzmir,Torbalı,SALATALIK SILOR,2025,180.0,894.0,4966.666666666667
6024,İzmir,Ödemiş,SALATALIK SILOR,2025,1000.0,4510.0,4510.0
6040,İzmir,Bayındır,ISPANAK,2013,150.0,90.0,600.0
6044,İzmir,Bergama,ISPANAK,2013,500.0,350.0,700.0
6048,İzmir,Menderes,ISPANAK,2013,140.0,126.0,900.0
6052,İzmir,Tire,ISPANAK,2013,550.0,550.0,1000.0
6056,İzmir,Torbalı,ISPANAK,2013,1110.0,1332.0,1200.0
6060,İzmir,Ödemiş,ISPANAK,2013,1000.0,1000.0,1000.0
6064,İzmir,Bayındır,ISPANAK,2014,150.0,90.0,600.0
6080,İzmir,Bergama,ISPANAK,2014,500.0,350.0,700.0
6096,İzmir,Menderes,ISPANAK,2014,140.0,126.0,900.0
6112,İzmir,Tire,ISPANAK,2014,500.0,500.0,1000.0
6128,İzmir,Torbalı,ISPANAK,2014,1110.0,1332.0,1200.0
6144,İzmir,Ödemiş,ISPANAK,2014,200.0,200.0,1000.0
6160,İzmir,Bayındır,ISPANAK,2015,100.0,60.0,600.0
6176,İzmir,Bergama,ISPANAK,2015,500.0,350.0,700.0
6192,İzmir,Menderes,ISPANAK,2015,140.0,126.0,900.0
6208,İzmir,Tire,ISPANAK,2015,525.0,525.0,1000.0
6224,İzmir,Torbalı,ISPANAK,2015,955.0,1146.0,1200.0
6240,İzmir,Ödemiş,ISPANAK,2015,200.0,200.0,1000.0
6256,İzmir,Bayındır,ISPANAK,2016,100.0,60.0,600.0
6272,İzmir,Bergama,ISPANAK,2016,500.0,350.0,700.0
6288,İzmir,Menderes,ISPANAK,2016,130.0,117.0,900.0
6304,İzmir,Tire,ISPANAK,2016,550.0,578.0,1050.909090909091
6320,İzmir,Torbalı,ISPANAK,2016,900.0,1125.0,1250.0
6336,İzmir,Ödemiş,ISPANAK,2016,250.0,250.0,1000.0
6352,İzmir,Bayındır,ISPANAK,2017,100.0,60.0,600.0
6368,İzmir,Bergama,ISPANAK,2017,500.0,350.0,700.0
6384,İzmir,Menderes,ISPANAK,2017,120.0,107.0,891.6666666666666
6400,İzmir,Tire,ISPANAK,2017,500.0,500.0,1000.0
6416,İzmir,Torbalı,ISPANAK,2017,6135.0,7669.0,1250.040749796251
6432,İzmir,Ödemiş,ISPANAK,2017,250.0,250.0,1000.0
6448,İzmir,Bayındır,ISPANAK,2018,100.0,60.0,600.0
6464,İzmir,Bergama,ISPANAK,2018,500.0,350.0,700.0
6480,İzmir,Menderes,ISPANAK,2018,120.0,107.0,891.6666666666666
6496,İzmir,Tire,ISPANAK,2018,500.0,500.0,1000.0
6512,İzmir,Torbalı,ISPANAK,2018,6200.0,7750.0,1250.0
6528,İzmir,Ödemiş,ISPANAK,2018,200.0,200.0,1000.0
6544,İzmir,Bayındır,ISPANAK,2019,150.0,90.0,600.0
6560,İzmir,Bergama,ISPANAK,2019,500.0,350.0,700.0
6576,İzmir,Menderes,ISPANAK,2019,120.0,107.0,891.6666666666666
6592,İzmir,Tire,ISPANAK,2019,500.0,500.0,1000.0
6608,İzmir,Torbalı,ISPANAK,2019,725.0,928.0,1280.0
6624,İzmir,Ödemiş,ISPANAK,2019,200.0,200.0,1000.0
6640,İzmir,Bayındır,ISPANAK,2020,200.0,350.0,1750.0
6656,İzmir,Bergama,ISPANAK,2020,500.0,350.0,700.0
6672,İzmir,Menderes,ISPANAK,2020,120.0,107.0,891.6666666666666
6688,İzmir,Tire,ISPANAK,2020,365.0,365.0,1000.0
6704,İzmir,Torbalı,ISPANAK,2020,575.0,776.0,1349.5652173913043
6720,İzmir,Ödemiş,ISPANAK,2020,100.0,100.0,1000.0
6736,İzmir,Bayındır,ISPANAK,2021,200.0,350.0,1750.0
6752,İzmir,Bergama,ISPANAK,2021,508.0,356.0,700.7874015748032
6768,İzmir,Menderes,ISPANAK,2021,155.0,138.0,890.3225806451613
6784,İzmir,Tire,ISPANAK,2021,126.0,126.0,1000.0
6800,İzmir,Torbalı,ISPANAK,2021,700.0,910.0,1300.0
6816,İzmir,Ödemiş,ISPANAK,2021,25.0,25.0,1000.0
6832,İzmir,Bayındır,ISPANAK,2022,300.0,300.0,1000.0
6848,İzmir,Bergama,ISPANAK,2022,205.0,144.0,702.439024390244
6864,İzmir,Menderes,ISPANAK,2022,155.0,138.0,890.3225806451613
6880,İzmir,Tire,ISPANAK,2022,173.0,173.0,1000.0
6896,İzmir,Torbalı,ISPANAK,2022,950.0,1235.0,1300.0
6912,İzmir,Ödemiş,ISPANAK,2022,25.0,25.0,1000.0
6928,İzmir,Bayındır,ISPANAK,2023,180.0,180.0,1000.0
6944,İzmir,Bergama,ISPANAK,2023,75.0,53.0,706.6666666666666
6960,İzmir,Menderes,ISPANAK,2023,100.0,89.0,890.0
6976,İzmir,Tire,ISPANAK,2023,270.0,270.0,1000.0
6992,İzmir,Torbalı,ISPANAK,2023,985.0,1182.0,1200.0
7008,İzmir,Ödemiş,ISPANAK,2023,300.0,300.0,1000.0
7024,İzmir,Bayındır,ISPANAK,2024,180.0,180.0,1000.0
7040,İzmir,Bergama,ISPANAK,2024,368.0,258.0,701.0869565217391
7056,İzmir,Menderes,ISPANAK,2024,100.0,89.0,890.0
7072,İzmir,Tire,ISPANAK,2024,280.0,280.0,1000.0
7088,İzmir,Torbalı,ISPANAK,2024,980.0,1225.0,1250.0
7104,İzmir,Bayındır,ISPANAK,2025,124.0,124.0,1000.0
7120,İzmir,Bergama,ISPANAK,2025,717.0,503.0,701.534170153417
7136,İzmir,Menderes,ISPANAK,2025,250.0,223.0,892.0
7152,İzmir,Tire,ISPANAK,2025,150.0,150.0,1000.0
7168,İzmir,Torbalı,ISPANAK,2025,750.0,938.0,1250.6666666666667
7184,İzmir,Bayındır,KABAK TAZE,2013,1000.0,3500.0,3500.0
7188,İzmir,Bergama,KABAK TAZE,2013,400.0,680.0,1700.0
7192,İzmir,Menderes,KABAK TAZE,2013,310.0,620.0,2000.0
7196,İzmir,Tire,KABAK TAZE,2013,500.0,1250.0,2500.0
7200,İzmir,Torbalı,KABAK TAZE,2013,450.0,1575.0,3500.0
7204,İzmir,Ödemiş,KABAK TAZE,2013,205.0,630.0,3073.170731707317
7208,İzmir,Bayındır,KABAK TAZE,2014,1000.0,3500.0,3500.0
7224,İzmir,Bergama,KABAK TAZE,2014,400.0,680.0,1700.0
7240,İzmir,Menderes,KABAK TAZE,2014,350.0,700.0,2000.0
7256,İzmir,Tire,KABAK TAZE,2014,450.0,1125.0,2500.0
7272,İzmir,Torbalı,KABAK TAZE,2014,450.0,1575.0,3500.0
7288,İzmir,Ödemiş,KABAK TAZE,2014,210.0,660.0,3142.8571428571427
7304,İzmir,Bayındır,KABAK TAZE,2015,800.0,2800.0,3500.0
7320,İzmir,Bergama,KABAK TAZE,2015,400.0,680.0,1700.0
7336,İzmir,Menderes,KABAK TAZE,2015,355.0,710.0,2000.0
7352,İzmir,Tire,KABAK TAZE,2015,450.0,1125.0,2500.0
7368,İzmir,Torbalı,KABAK TAZE,2015,330.0,1155.0,3500.0
7384,İzmir,Ödemiş,KABAK TAZE,2015,210.0,660.0,3142.8571428571427
7400,İzmir,Bayındır,KABAK TAZE,2016,800.0,2800.0,3500.0
7416,İzmir,Bergama,KABAK TAZE,2016,400.0,680.0,1700.0
7432,İzmir,Menderes,KABAK TAZE,2016,355.0,710.0,2000.0
7448,İzmir,Tire,KABAK TAZE,2016,400.0,980.0,2450.0
7464,İzmir,Torbalı,KABAK TAZE,2016,300.0,1050.0,3500.0
7480,İzmir,Ödemiş,KABAK TAZE,2016,220.0,711.0,3231.818181818182
7496,İzmir,Bayındır,KABAK TAZE,2017,800.0,2800.0,3500.0
7512,İzmir,Bergama,KABAK TAZE,2017,400.0,680.0,1700.0
7528,İzmir,Menderes,KABAK TAZE,2017,390.0,780.0,2000.0
7544,İzmir,Tire,KABAK TAZE,2017,400.0,1000.0,2500.0
7560,İzmir,Torbalı,KABAK TAZE,2017,405.0,1418.0,3501.2345679012346
7576,İzmir,Ödemiş,KABAK TAZE,2017,220.0,722.0,3281.818181818182
7592,İzmir,Bayındır,KABAK TAZE,2018,800.0,2800.0,3500.0
7608,İzmir,Bergama,KABAK TAZE,2018,400.0,680.0,1700.0
7624,İzmir,Menderes,KABAK TAZE,2018,390.0,780.0,2000.0
7640,İzmir,Tire,KABAK TAZE,2018,300.0,750.0,2500.0
7656,İzmir,Torbalı,KABAK TAZE,2018,265.0,927.0,3498.1132075471696
7672,İzmir,Ödemiş,KABAK TAZE,2018,155.0,502.0,3238.7096774193546
7688,İzmir,Bayındır,KABAK TAZE,2019,600.0,2100.0,3500.0
7704,İzmir,Bergama,KABAK TAZE,2019,400.0,680.0,1700.0
7720,İzmir,Menderes,KABAK TAZE,2019,390.0,780.0,2000.0
7736,İzmir,Tire,KABAK TAZE,2019,300.0,750.0,2500.0
7752,İzmir,Torbalı,KABAK TAZE,2019,250.0,875.0,3500.0
7768,İzmir,Ödemiş,KABAK TAZE,2019,110.0,375.0,3409.090909090909
7784,İzmir,Bayındır,KABAK TAZE,2020,200.0,311.0,1555.0
7800,İzmir,Bergama,KABAK TAZE,2020,400.0,705.0,1762.5
7816,İzmir,Menderes,KABAK TAZE,2020,390.0,809.0,2074.358974358974
7832,İzmir,Tire,KABAK TAZE,2020,68.0,176.0,2588.235294117647
7848,İzmir,Torbalı,KABAK TAZE,2020,180.0,607.0,3372.222222222222
7864,İzmir,Ödemiş,KABAK TAZE,2020,80.0,415.0,5187.5
7880,İzmir,Bayındır,KABAK TAZE,2021,200.0,300.0,1500.0
7896,İzmir,Bergama,KABAK TAZE,2021,17.0,30.0,1764.7058823529412
7912,İzmir,Menderes,KABAK TAZE,2021,380.0,760.0,2000.0
7928,İzmir,Tire,KABAK TAZE,2021,42.0,109.0,2595.2380952380954
7944,İzmir,Torbalı,KABAK TAZE,2021,185.0,555.0,3000.0
7960,İzmir,Ödemiş,KABAK TAZE,2021,25.0,125.0,5000.0
7976,İzmir,Bayındır,KABAK TAZE,2022,200.0,500.0,2500.0
7992,İzmir,Bergama,KABAK TAZE,2022,13.0,23.0,1769.2307692307693
8008,İzmir,Menderes,KABAK TAZE,2022,380.0,760.0,2000.0
8024,İzmir,Torbalı,KABAK TAZE,2022,135.0,439.0,3251.8518518518517
8040,İzmir,Ödemiş,KABAK TAZE,2022,25.0,125.0,5000.0
8056,İzmir,Bayındır,KABAK TAZE,2023,150.0,375.0,2500.0
8072,İzmir,Bergama,KABAK TAZE,2023,11.0,20.0,1818.1818181818182
8088,İzmir,Menderes,KABAK TAZE,2023,380.0,760.0,2000.0
8104,İzmir,Torbalı,KABAK TAZE,2023,110.0,330.0,3000.0
8120,İzmir,Bayındır,KABAK TAZE,2024,150.0,375.0,2500.0
8136,İzmir,Bergama,KABAK TAZE,2024,162.0,287.0,1771.6049382716049
8152,İzmir,Menderes,KABAK TAZE,2024,380.0,760.0,2000.0
8168,İzmir,Torbalı,KABAK TAZE,2024,157.0,473.0,3012.7388535031846
8184,İzmir,Ödemiş,KABAK TAZE,2024,50.0,175.0,3500.0
8200,İzmir,Bayındır,KABAK TAZE,2025,132.0,330.0,2500.0
8216,İzmir,Bergama,KABAK TAZE,2025,172.0,304.0,1767.4418604651162
8232,İzmir,Menderes,KABAK TAZE,2025,330.0,660.0,2000.0
8248,İzmir,Torbalı,KABAK TAZE,2025,124.0,376.0,3032.2580645161293
8264,İzmir,Ödemiş,KABAK TAZE,2025,50.0,175.0,3500.0
8280,İzmir,Bayındır,KARNABAHAR,2013,2800.0,10360.0,3700.0
8284,İzmir,Bergama,KARNABAHAR,2013,700.0,1120.0,1600.0
8288,İzmir,Menderes,KARNABAHAR,2013,70.0,140.0,2000.0
8292,İzmir,Tire,KARNABAHAR,2013,1000.0,1500.0,1500.0
8296,İzmir,Torbalı,KARNABAHAR,2013,740.0,2220.0,3000.0
8300,İzmir,Ödemiş,KARNABAHAR,2013,1000.0,3000.0,3000.0
8304,İzmir,Bayındır,KARNABAHAR,2014,2800.0,10360.0,3700.0
8320,İzmir,Bergama,KARNABAHAR,2014,700.0,1120.0,1600.0
8336,İzmir,Menderes,KARNABAHAR,2014,70.0,140.0,2000.0
8352,İzmir,Tire,KARNABAHAR,2014,1000.0,1500.0,1500.0
8368,İzmir,Torbalı,KARNABAHAR,2014,740.0,2220.0,3000.0
8384,İzmir,Ödemiş,KARNABAHAR,2014,1000.0,3500.0,3500.0
8400,İzmir,Bayındır,KARNABAHAR,2015,5000.0,18500.0,3700.0
8416,İzmir,Bergama,KARNABAHAR,2015,700.0,1120.0,1600.0
8432,İzmir,Menderes,KARNABAHAR,2015,75.0,150.0,2000.0
8448,İzmir,Tire,KARNABAHAR,2015,1010.0,1515.0,1500.0
8464,İzmir,Torbalı,KARNABAHAR,2015,915.0,2745.0,3000.0
8480,İzmir,Ödemiş,KARNABAHAR,2015,1000.0,3500.0,3500.0
8496,İzmir,Bayındır,KARNABAHAR,2016,5000.0,18500.0,3700.0
8512,İzmir,Bergama,KARNABAHAR,2016,700.0,1120.0,1600.0
8528,İzmir,Menderes,KARNABAHAR,2016,70.0,140.0,2000.0
8544,İzmir,Tire,KARNABAHAR,2016,1050.0,1575.0,1500.0
8560,İzmir,Torbalı,KARNABAHAR,2016,2500.0,8750.0,3500.0
8576,İzmir,Ödemiş,KARNABAHAR,2016,1000.0,3500.0,3500.0
8592,İzmir,Bayındır,KARNABAHAR,2017,5000.0,18500.0,3700.0
8608,İzmir,Bergama,KARNABAHAR,2017,700.0,1120.0,1600.0
8624,İzmir,Menderes,KARNABAHAR,2017,70.0,140.0,2000.0
8640,İzmir,Tire,KARNABAHAR,2017,1200.0,1800.0,1500.0
8656,İzmir,Torbalı,KARNABAHAR,2017,2850.0,9975.0,3500.0
8672,İzmir,Ödemiş,KARNABAHAR,2017,1000.0,3500.0,3500.0
8688,İzmir,Bayındır,KARNABAHAR,2018,7000.0,25900.0,3700.0
8700,İzmir,Bergama,KARNABAHAR,2018,700.0,1120.0,1600.0
8712,İzmir,Menderes,KARNABAHAR,2018,70.0,140.0,2000.0
8724,İzmir,Tire,KARNABAHAR,2018,4000.0,6000.0,1500.0
8736,İzmir,Torbalı,KARNABAHAR,2018,2850.0,9975.0,3500.0
8748,İzmir,Ödemiş,KARNABAHAR,2018,800.0,2800.0,3500.0
8760,İzmir,Bayındır,KARNABAHAR,2019,9000.0,33300.0,3700.0
8776,İzmir,Bergama,KARNABAHAR,2019,700.0,1120.0,1600.0
8792,İzmir,Menderes,KARNABAHAR,2019,70.0,140.0,2000.0
8808,İzmir,Tire,KARNABAHAR,2019,4000.0,6000.0,1500.0
8824,İzmir,Torbalı,KARNABAHAR,2019,2850.0,9975.0,3500.0
8840,İzmir,Ödemiş,KARNABAHAR,2019,500.0,1750.0,3500.0
8856,İzmir,Bayındır,KARNABAHAR,2020,10000.0,17500.0,1750.0
8868,İzmir,Bergama,KARNABAHAR,2020,300.0,480.0,1600.0
8880,İzmir,Menderes,KARNABAHAR,2020,70.0,140.0,2000.0
8892,İzmir,Tire,KARNABAHAR,2020,2500.0,3750.0,1500.0
8904,İzmir,Torbalı,KARNABAHAR,2020,3350.0,11390.0,3400.0
8916,İzmir,Ödemiş,KARNABAHAR,2020,150.0,525.0,3500.0
8928,İzmir,Bayındır,KARNABAHAR,2021,11000.0,19250.0,1750.0
8944,İzmir,Bergama,KARNABAHAR,2021,20.0,32.0,1600.0
8960,İzmir,Menderes,KARNABAHAR,2021,70.0,140.0,2000.0
8976,İzmir,Tire,KARNABAHAR,2021,4955.0,14865.0,3000.0
8992,İzmir,Torbalı,KARNABAHAR,2021,3860.0,12545.0,3250.0
9008,İzmir,Ödemiş,KARNABAHAR,2021,500.0,2250.0,4500.0
9024,İzmir,Bayındır,KARNABAHAR,2022,12500.0,21875.0,1750.0
9040,İzmir,Bergama,KARNABAHAR,2022,70.0,112.0,1600.0
9056,İzmir,Menderes,KARNABAHAR,2022,70.0,140.0,2000.0
9072,İzmir,Tire,KARNABAHAR,2022,5000.0,15000.0,3000.0
9088,İzmir,Torbalı,KARNABAHAR,2022,2895.0,10133.0,3500.1727115716753
9104,İzmir,Ödemiş,KARNABAHAR,2022,150.0,675.0,4500.0
9120,İzmir,Bayındır,KARNABAHAR,2023,12000.0,21000.0,1750.0
9136,İzmir,Bergama,KARNABAHAR,2023,43.0,69.0,1604.6511627906978
9152,İzmir,Menderes,KARNABAHAR,2023,70.0,140.0,2000.0
9168,İzmir,Tire,KARNABAHAR,2023,4500.0,13500.0,3000.0
9184,İzmir,Torbalı,KARNABAHAR,2023,2850.0,8550.0,3000.0
9200,İzmir,Ödemiş,KARNABAHAR,2023,1000.0,4500.0,4500.0
9216,İzmir,Bayındır,KARNABAHAR,2024,15300.0,26775.0,1750.0
9232,İzmir,Bergama,KARNABAHAR,2024,243.0,389.0,1600.8230452674898
9248,İzmir,Menderes,KARNABAHAR,2024,70.0,140.0,2000.0
9264,İzmir,Tire,KARNABAHAR,2024,6150.0,18450.0,3000.0
9280,İzmir,Torbalı,KARNABAHAR,2024,3850.0,11550.0,3000.0
9296,İzmir,Ödemiş,KARNABAHAR,2024,750.0,3000.0,4000.0
9312,İzmir,Bayındır,KARNABAHAR,2025,16886.0,52817.0,3127.857396659955
9328,İzmir,Bergama,KARNABAHAR,2025,856.0,1429.0,1669.392523364486
9344,İzmir,Menderes,KARNABAHAR,2025,100.0,209.0,2090.0
9360,İzmir,Tire,KARNABAHAR,2025,6000.0,25036.0,4172.666666666667
9376,İzmir,Torbalı,KARNABAHAR,2025,5270.0,21991.0,4172.865275142315
9392,İzmir,Ödemiş,KARNABAHAR,2025,1000.0,4173.0,4173.0
9408,İzmir,Bayındır,KARPUZ,2013,4000.0,20000.0,5000.0
9412,İzmir,Bergama,KARPUZ,2013,1500.0,3300.0,2200.0
9416,İzmir,Menderes,KARPUZ,2013,4850.0,19400.0,4000.0
9420,İzmir,Tire,KARPUZ,2013,13568.0,54272.0,4000.0
9424,İzmir,Torbalı,KARPUZ,2013,4500.0,19125.0,4250.0
9428,İzmir,Ödemiş,KARPUZ,2013,15000.0,60000.0,4000.0
9432,İzmir,Bayındır,KARPUZ,2014,4000.0,20000.0,5000.0
9444,İzmir,Bergama,KARPUZ,2014,1400.0,3080.0,2200.0
9456,İzmir,Menderes,KARPUZ,2014,4860.0,19440.0,4000.0
9468,İzmir,Tire,KARPUZ,2014,14000.0,56000.0,4000.0
9480,İzmir,Torbalı,KARPUZ,2014,4500.0,19125.0,4250.0
9492,İzmir,Ödemiş,KARPUZ,2014,15000.0,97500.0,6500.0
9504,İzmir,Bayındır,KARPUZ,2015,4000.0,20028.0,5007.0
9516,İzmir,Bergama,KARPUZ,2015,1400.0,3084.0,2202.8571428571427
9528,İzmir,Menderes,KARPUZ,2015,4860.0,19469.0,4005.9670781893005
9540,İzmir,Tire,KARPUZ,2015,13450.0,53881.0,4006.022304832714
9552,İzmir,Torbalı,KARPUZ,2015,2240.0,10096.0,4507.142857142857
9564,İzmir,Ödemiş,KARPUZ,2015,15000.0,97635.0,6509.0
9576,İzmir,Bayındır,KARPUZ,2016,4000.0,20000.0,5000.0
9592,İzmir,Bergama,KARPUZ,2016,1400.0,3080.0,2200.0
9608,İzmir,Menderes,KARPUZ,2016,4860.0,19440.0,4000.0
9624,İzmir,Tire,KARPUZ,2016,13000.0,39000.0,3000.0
9640,İzmir,Torbalı,KARPUZ,2016,1850.0,8325.0,4500.0
9656,İzmir,Ödemiş,KARPUZ,2016,15000.0,97500.0,6500.0
9672,İzmir,Bayındır,KARPUZ,2017,4000.0,20000.0,5000.0
9684,İzmir,Bergama,KARPUZ,2017,1250.0,2750.0,2200.0
9696,İzmir,Menderes,KARPUZ,2017,4660.0,18640.0,4000.0
9708,İzmir,Tire,KARPUZ,2017,13000.0,39000.0,3000.0
9720,İzmir,Torbalı,KARPUZ,2017,1160.0,5220.0,4500.0
9732,İzmir,Ödemiş,KARPUZ,2017,15000.0,97500.0,6500.0
9744,İzmir,Bayındır,KARPUZ,2018,4000.0,20000.0,5000.0
9760,İzmir,Bergama,KARPUZ,2018,1250.0,2750.0,2200.0
9776,İzmir,Menderes,KARPUZ,2018,4660.0,18640.0,4000.0
9792,İzmir,Tire,KARPUZ,2018,5000.0,15000.0,3000.0
9808,İzmir,Torbalı,KARPUZ,2018,1130.0,5085.0,4500.0
9824,İzmir,Ödemiş,KARPUZ,2018,12000.0,78000.0,6500.0
9840,İzmir,Bayındır,KARPUZ,2019,2200.0,11000.0,5000.0
9856,İzmir,Bergama,KARPUZ,2019,1250.0,2750.0,2200.0
9872,İzmir,Menderes,KARPUZ,2019,4660.0,18640.0,4000.0
9888,İzmir,Tire,KARPUZ,2019,4750.0,14250.0,3000.0
9904,İzmir,Torbalı,KARPUZ,2019,930.0,4092.0,4400.0
9920,İzmir,Ödemiş,KARPUZ,2019,11000.0,71500.0,6500.0
9936,İzmir,Bayındır,KARPUZ,2020,1450.0,6525.0,4500.0
9948,İzmir,Bergama,KARPUZ,2020,1250.0,2750.0,2200.0
9960,İzmir,Menderes,KARPUZ,2020,1200.0,4800.0,4000.0
9972,İzmir,Tire,KARPUZ,2020,850.0,2550.0,3000.0
9984,İzmir,Torbalı,KARPUZ,2020,1130.0,4803.0,4250.442477876106
9996,İzmir,Ödemiş,KARPUZ,2020,2000.0,9000.0,4500.0
10008,İzmir,Bayındır,KARPUZ,2021,1408.0,6336.0,4500.0
10020,İzmir,Bergama,KARPUZ,2021,214.0,471.0,2200.9345794392525
10032,İzmir,Menderes,KARPUZ,2021,1103.0,4412.0,4000.0
10044,İzmir,Tire,KARPUZ,2021,773.0,2319.0,3000.0
10056,İzmir,Torbalı,KARPUZ,2021,1250.0,5313.0,4250.4
10068,İzmir,Ödemiş,KARPUZ,2021,2500.0,11250.0,4500.0
10080,İzmir,Bayındır,KARPUZ,2022,1450.0,6525.0,4500.0
10096,İzmir,Bergama,KARPUZ,2022,99.0,218.0,2202.020202020202
10112,İzmir,Menderes,KARPUZ,2022,1103.0,4412.0,4000.0
10128,İzmir,Tire,KARPUZ,2022,1155.0,3465.0,3000.0
10144,İzmir,Torbalı,KARPUZ,2022,1200.0,5400.0,4500.0
10160,İzmir,Ödemiş,KARPUZ,2022,5000.0,22500.0,4500.0
10176,İzmir,Bayındır,KARPUZ,2023,1500.0,6750.0,4500.0
10192,İzmir,Bergama,KARPUZ,2023,57.0,126.0,2210.5263157894738
10208,İzmir,Menderes,KARPUZ,2023,1103.0,4412.0,4000.0
10224,İzmir,Tire,KARPUZ,2023,1026.0,3078.0,3000.0
10240,İzmir,Torbalı,KARPUZ,2023,1250.0,5000.0,4000.0
10256,İzmir,Ödemiş,KARPUZ,2023,2500.0,11250.0,4500.0
10272,İzmir,Bayındır,KARPUZ,2024,1500.0,6750.0,4500.0
10288,İzmir,Bergama,KARPUZ,2024,201.0,443.0,2203.9800995024875
10304,İzmir,Menderes,KARPUZ,2024,1103.0,4412.0,4000.0
10320,İzmir,Tire,KARPUZ,2024,1350.0,4050.0,3000.0
10336,İzmir,Torbalı,KARPUZ,2024,1685.0,6740.0,4000.0
10352,İzmir,Ödemiş,KARPUZ,2024,2500.0,11250.0,4500.0
10368,İzmir,Bayındır,KARPUZ,2025,2415.0,10868.0,4500.207039337474
10384,İzmir,Bergama,KARPUZ,2025,222.0,489.0,2202.7027027027025
10400,İzmir,Menderes,KARPUZ,2025,1500.0,6000.0,4000.0
10416,İzmir,Tire,KARPUZ,2025,2100.0,9450.0,4500.0
10432,İzmir,Torbalı,KARPUZ,2025,2550.0,11475.0,4500.0
10448,İzmir,Ödemiş,KARPUZ,2025,2500.0,12500.0,5000.0
10464,İzmir,Bayındır,LAHANA BEYAZ,2013,1300.0,4875.0,3750.0
10468,İzmir,Bergama,LAHANA BEYAZ,2013,400.0,1200.0,3000.0
10472,İzmir,Menderes,LAHANA BEYAZ,2013,50.0,175.0,3500.0
10476,İzmir,Tire,LAHANA BEYAZ,2013,2300.0,6900.0,3000.0
10480,İzmir,Torbalı,LAHANA BEYAZ,2013,330.0,1237.0,3748.4848484848485
10484,İzmir,Ödemiş,LAHANA BEYAZ,2013,2000.0,8000.0,4000.0
10488,İzmir,Bayındır,LAHANA BEYAZ,2014,1300.0,4875.0,3750.0
10504,İzmir,Bergama,LAHANA BEYAZ,2014,400.0,1200.0,3000.0
10520,İzmir,Menderes,LAHANA BEYAZ,2014,50.0,175.0,3500.0
10536,İzmir,Tire,LAHANA BEYAZ,2014,2000.0,6000.0,3000.0
10552,İzmir,Torbalı,LAHANA BEYAZ,2014,330.0,1238.0,3751.5151515151515
10568,İzmir,Ödemiş,LAHANA BEYAZ,2014,2000.0,8000.0,4000.0
10584,İzmir,Bayındır,LAHANA BEYAZ,2015,1000.0,3750.0,3750.0
10600,İzmir,Bergama,LAHANA BEYAZ,2015,400.0,1200.0,3000.0
10616,İzmir,Menderes,LAHANA BEYAZ,2015,50.0,175.0,3500.0
10632,İzmir,Tire,LAHANA BEYAZ,2015,1950.0,5850.0,3000.0
10648,İzmir,Torbalı,LAHANA BEYAZ,2015,410.0,1538.0,3751.2195121951218
10664,İzmir,Ödemiş,LAHANA BEYAZ,2015,2000.0,8000.0,4000.0
10680,İzmir,Bayındır,LAHANA BEYAZ,2016,1200.0,4490.0,3741.6666666666665
10696,İzmir,Bergama,LAHANA BEYAZ,2016,400.0,1197.0,2992.5
10712,İzmir,Menderes,LAHANA BEYAZ,2016,50.0,175.0,3500.0
10728,İzmir,Tire,LAHANA BEYAZ,2016,1950.0,5836.0,2992.8205128205127
10744,İzmir,Torbalı,LAHANA BEYAZ,2016,850.0,3392.0,3990.5882352941176
10760,İzmir,Ödemiş,LAHANA BEYAZ,2016,1750.0,6984.0,3990.8571428571427
10776,İzmir,Bayındır,LAHANA BEYAZ,2017,1200.0,4500.0,3750.0
10792,İzmir,Bergama,LAHANA BEYAZ,2017,400.0,1200.0,3000.0
10808,İzmir,Menderes,LAHANA BEYAZ,2017,43.0,151.0,3511.6279069767443
10824,İzmir,Tire,LAHANA BEYAZ,2017,2000.0,6000.0,3000.0
10840,İzmir,Torbalı,LAHANA BEYAZ,2017,920.0,3680.0,4000.0
10856,İzmir,Ödemiş,LAHANA BEYAZ,2017,1750.0,7000.0,4000.0
10872,İzmir,Bayındır,LAHANA BEYAZ,2018,1200.0,4500.0,3750.0
10888,İzmir,Bergama,LAHANA BEYAZ,2018,400.0,1200.0,3000.0
10904,İzmir,Menderes,LAHANA BEYAZ,2018,43.0,150.0,3488.3720930232557
10920,İzmir,Tire,LAHANA BEYAZ,2018,1500.0,4500.0,3000.0
10936,İzmir,Torbalı,LAHANA BEYAZ,2018,750.0,3000.0,4000.0
10952,İzmir,Ödemiş,LAHANA BEYAZ,2018,500.0,2000.0,4000.0
10968,İzmir,Bayındır,LAHANA BEYAZ,2019,1200.0,4500.0,3750.0
10984,İzmir,Bergama,LAHANA BEYAZ,2019,400.0,1200.0,3000.0
11000,İzmir,Menderes,LAHANA BEYAZ,2019,43.0,151.0,3511.6279069767443
11016,İzmir,Tire,LAHANA BEYAZ,2019,1500.0,4500.0,3000.0
11032,İzmir,Torbalı,LAHANA BEYAZ,2019,850.0,3400.0,4000.0
11048,İzmir,Ödemiş,LAHANA BEYAZ,2019,500.0,2000.0,4000.0
11064,İzmir,Bayındır,LAHANA BEYAZ,2020,1400.0,2100.0,1500.0
11080,İzmir,Bergama,LAHANA BEYAZ,2020,400.0,1200.0,3000.0
11096,İzmir,Menderes,LAHANA BEYAZ,2020,43.0,151.0,3511.6279069767443
11112,İzmir,Tire,LAHANA BEYAZ,2020,700.0,2100.0,3000.0
11128,İzmir,Torbalı,LAHANA BEYAZ,2020,2885.0,11540.0,4000.0
11144,İzmir,Ödemiş,LAHANA BEYAZ,2020,100.0,550.0,5500.0
11160,İzmir,Bayındır,LAHANA BEYAZ,2021,1000.0,1500.0,1500.0
11176,İzmir,Bergama,LAHANA BEYAZ,2021,20.0,60.0,3000.0
11192,İzmir,Menderes,LAHANA BEYAZ,2021,70.0,245.0,3500.0
11208,İzmir,Tire,LAHANA BEYAZ,2021,189.0,945.0,5000.0
11224,İzmir,Torbalı,LAHANA BEYAZ,2021,2460.0,9471.0,3850.0
11240,İzmir,Ödemiş,LAHANA BEYAZ,2021,700.0,3850.0,5500.0
11256,İzmir,Bayındır,LAHANA BEYAZ,2022,1075.0,1613.0,1500.4651162790697
11272,İzmir,Bergama,LAHANA BEYAZ,2022,21.0,63.0,3000.0
11288,İzmir,Menderes,LAHANA BEYAZ,2022,70.0,245.0,3500.0
11304,İzmir,Tire,LAHANA BEYAZ,2022,839.0,4195.0,5000.0
11320,İzmir,Torbalı,LAHANA BEYAZ,2022,2350.0,9988.0,4250.212765957447
11336,İzmir,Ödemiş,LAHANA BEYAZ,2022,500.0,2750.0,5500.0
11352,İzmir,Bayındır,LAHANA BEYAZ,2023,1285.0,2956.0,2300.3891050583657
11368,İzmir,Bergama,LAHANA BEYAZ,2023,48.0,144.0,3000.0
11384,İzmir,Menderes,LAHANA BEYAZ,2023,70.0,245.0,3500.0
11400,İzmir,Tire,LAHANA BEYAZ,2023,1700.0,8500.0,5000.0
11416,İzmir,Torbalı,LAHANA BEYAZ,2023,1850.0,7400.0,4000.0
11432,İzmir,Ödemiş,LAHANA BEYAZ,2023,1000.0,5000.0,5000.0
11448,İzmir,Bayındır,LAHANA BEYAZ,2024,1800.0,4140.0,2300.0
11464,İzmir,Bergama,LAHANA BEYAZ,2024,297.0,891.0,3000.0
11480,İzmir,Menderes,LAHANA BEYAZ,2024,70.0,245.0,3500.0
11496,İzmir,Tire,LAHANA BEYAZ,2024,3100.0,15500.0,5000.0
11512,İzmir,Torbalı,LAHANA BEYAZ,2024,2150.0,8600.0,4000.0
11528,İzmir,Ödemiş,LAHANA BEYAZ,2024,550.0,2750.0,5000.0
11544,İzmir,Bayındır,LAHANA BEYAZ,2025,2252.0,6808.0,3023.090586145648
11560,İzmir,Bergama,LAHANA BEYAZ,2025,184.0,556.0,3021.7391304347825
11576,İzmir,Menderes,LAHANA BEYAZ,2025,110.0,388.0,3527.2727272727275
11592,İzmir,Tire,LAHANA BEYAZ,2025,1400.0,7054.0,5038.571428571428
11608,İzmir,Torbalı,LAHANA BEYAZ,2025,1800.0,8162.0,4534.444444444444
11624,İzmir,Ödemiş,LAHANA BEYAZ,2025,750.0,2645.0,3526.6666666666665
11640,İzmir,Bayındır,LAHANA KIRMIZI,2013,210.0,378.0,1800.0
11644,İzmir,Bergama,LAHANA KIRMIZI,2013,50.0,90.0,1800.0
11648,İzmir,Torbalı,LAHANA KIRMIZI,2013,380.0,760.0,2000.0
11652,İzmir,Ödemiş,LAHANA KIRMIZI,2013,120.0,360.0,3000.0
11656,İzmir,Bayındır,LAHANA KIRMIZI,2014,210.0,378.0,1800.0
11672,İzmir,Bergama,LAHANA KIRMIZI,2014,50.0,90.0,1800.0
11688,İzmir,Torbalı,LAHANA KIRMIZI,2014,380.0,760.0,2000.0
11704,İzmir,Ödemiş,LAHANA KIRMIZI,2014,120.0,360.0,3000.0
11720,İzmir,Bayındır,LAHANA KIRMIZI,2015,200.0,360.0,1800.0
11736,İzmir,Bergama,LAHANA KIRMIZI,2015,50.0,90.0,1800.0
11752,İzmir,Torbalı,LAHANA KIRMIZI,2015,525.0,1050.0,2000.0
11768,İzmir,Ödemiş,LAHANA KIRMIZI,2015,120.0,360.0,3000.0
11784,İzmir,Bayındır,LAHANA KIRMIZI,2016,200.0,360.0,1800.0
11800,İzmir,Bergama,LAHANA KIRMIZI,2016,50.0,90.0,1800.0
11816,İzmir,Torbalı,LAHANA KIRMIZI,2016,935.0,2338.0,2500.5347593582887
11832,İzmir,Ödemiş,LAHANA KIRMIZI,2016,120.0,360.0,3000.0
11848,İzmir,Bayındır,LAHANA KIRMIZI,2017,200.0,360.0,1800.0
11864,İzmir,Bergama,LAHANA KIRMIZI,2017,50.0,90.0,1800.0
11880,İzmir,Menderes,LAHANA KIRMIZI,2017,55.0,110.0,2000.0
11896,İzmir,Torbalı,LAHANA KIRMIZI,2017,1680.0,4200.0,2500.0
11912,İzmir,Ödemiş,LAHANA KIRMIZI,2017,120.0,360.0,3000.0
11928,İzmir,Bayındır,LAHANA KIRMIZI,2018,200.0,360.0,1800.0
11944,İzmir,Bergama,LAHANA KIRMIZI,2018,50.0,90.0,1800.0
11960,İzmir,Menderes,LAHANA KIRMIZI,2018,55.0,110.0,2000.0
11976,İzmir,Torbalı,LAHANA KIRMIZI,2018,1480.0,3700.0,2500.0
11992,İzmir,Ödemiş,LAHANA KIRMIZI,2018,80.0,240.0,3000.0
12008,İzmir,Bayındır,LAHANA KIRMIZI,2019,200.0,360.0,1800.0
12024,İzmir,Bergama,LAHANA KIRMIZI,2019,50.0,90.0,1800.0
12040,İzmir,Menderes,LAHANA KIRMIZI,2019,55.0,110.0,2000.0
12056,İzmir,Torbalı,LAHANA KIRMIZI,2019,1500.0,3750.0,2500.0
12072,İzmir,Ödemiş,LAHANA KIRMIZI,2019,80.0,240.0,3000.0
12088,İzmir,Bayındır,LAHANA KIRMIZI,2020,350.0,1225.0,3500.0
12104,İzmir,Bergama,LAHANA KIRMIZI,2020,50.0,90.0,1800.0
12120,İzmir,Menderes,LAHANA KIRMIZI,2020,55.0,110.0,2000.0
12136,İzmir,Torbalı,LAHANA KIRMIZI,2020,1350.0,3375.0,2500.0
12152,İzmir,Ödemiş,LAHANA KIRMIZI,2020,30.0,120.0,4000.0
12168,İzmir,Bayındır,LAHANA KIRMIZI,2021,350.0,1225.0,3500.0
12184,İzmir,Bergama,LAHANA KIRMIZI,2021,42.0,76.0,1809.5238095238096
12200,İzmir,Menderes,LAHANA KIRMIZI,2021,55.0,110.0,2000.0
12216,İzmir,Torbalı,LAHANA KIRMIZI,2021,1250.0,3125.0,2500.0
12232,İzmir,Ödemiş,LAHANA KIRMIZI,2021,30.0,120.0,4000.0
12248,İzmir,Bayındır,LAHANA KIRMIZI,2022,400.0,1400.0,3500.0
12264,İzmir,Bergama,LAHANA KIRMIZI,2022,6.0,11.0,1833.3333333333333
12280,İzmir,Menderes,LAHANA KIRMIZI,2022,55.0,110.0,2000.0
12296,İzmir,Torbalı,LAHANA KIRMIZI,2022,1250.0,3125.0,2500.0
12312,İzmir,Ödemiş,LAHANA KIRMIZI,2022,30.0,120.0,4000.0
12328,İzmir,Bayındır,LAHANA KIRMIZI,2023,350.0,1120.0,3200.0
12344,İzmir,Bergama,LAHANA KIRMIZI,2023,2.0,4.0,2000.0
12360,İzmir,Menderes,LAHANA KIRMIZI,2023,55.0,110.0,2000.0
12376,İzmir,Torbalı,LAHANA KIRMIZI,2023,1485.0,2970.0,2000.0
12392,İzmir,Bayındır,LAHANA KIRMIZI,2024,400.0,1280.0,3200.0
12408,İzmir,Bergama,LAHANA KIRMIZI,2024,41.0,75.0,1829.2682926829268
12424,İzmir,Menderes,LAHANA KIRMIZI,2024,55.0,110.0,2000.0
12440,İzmir,Torbalı,LAHANA KIRMIZI,2024,1850.0,4163.0,2250.2702702702704
12456,İzmir,Bayındır,LAHANA KIRMIZI,2025,441.0,1411.0,3199.546485260771
12472,İzmir,Bergama,LAHANA KIRMIZI,2025,127.0,233.0,1834.6456692913387
12488,İzmir,Menderes,LAHANA KIRMIZI,2025,150.0,300.0,2000.0
12504,İzmir,Torbalı,LAHANA KIRMIZI,2025,3150.0,7875.0,2500.0
12520,İzmir,Bayındır,MARUL,2013,1170.0,1872.0,1600.0
12524,İzmir,Bergama,MARUL,2013,800.0,1280.0,1600.0
12528,İzmir,Menderes,MARUL,2013,2200.0,7040.0,3200.0
12532,İzmir,Tire,MARUL,2013,350.0,525.0,1500.0
12536,İzmir,Torbalı,MARUL,2013,475.0,1275.0,2684.2105263157896
12540,İzmir,Ödemiş,MARUL,2013,1005.0,1810.0,1800.995024875622
12544,İzmir,Bayındır,MARUL,2014,1170.0,1872.0,1600.0
12560,İzmir,Bergama,MARUL,2014,800.0,1280.0,1600.0
12576,İzmir,Menderes,MARUL,2014,2200.0,7040.0,3200.0
12592,İzmir,Tire,MARUL,2014,300.0,450.0,1500.0
12608,İzmir,Torbalı,MARUL,2014,460.0,1245.0,2706.521739130435
12624,İzmir,Ödemiş,MARUL,2014,1016.0,3561.0,3504.9212598425197
12640,İzmir,Bayındır,MARUL,2015,1400.0,2240.0,1600.0
12656,İzmir,Bergama,MARUL,2015,800.0,1280.0,1600.0
12672,İzmir,Menderes,MARUL,2015,2200.0,7040.0,3200.0
12688,İzmir,Tire,MARUL,2015,325.0,488.0,1501.5384615384614
12704,İzmir,Torbalı,MARUL,2015,300.0,875.0,2916.6666666666665
12720,İzmir,Ödemiş,MARUL,2015,1016.0,3561.0,3504.9212598425197
12736,İzmir,Bayındır,MARUL,2016,1416.0,2253.0,1591.1016949152543
12752,İzmir,Bergama,MARUL,2016,800.0,1272.0,1590.0
12768,İzmir,Menderes,MARUL,2016,2200.0,7040.0,3200.0
12784,İzmir,Tire,MARUL,2016,350.0,540.0,1542.857142857143
12800,İzmir,Torbalı,MARUL,2016,275.0,800.0,2909.090909090909
12816,İzmir,Ödemiş,MARUL,2016,1016.0,3540.0,3484.251968503937
12832,İzmir,Bayındır,MARUL,2017,1416.0,2266.0,1600.2824858757062
12848,İzmir,Bergama,MARUL,2017,800.0,1280.0,1600.0
12864,İzmir,Menderes,MARUL,2017,2200.0,7040.0,3200.0
12880,İzmir,Tire,MARUL,2017,300.0,450.0,1500.0
12896,İzmir,Torbalı,MARUL,2017,360.0,1060.0,2944.4444444444443
12912,İzmir,Ödemiş,MARUL,2017,1016.0,3561.0,3504.9212598425197
12928,İzmir,Bayındır,MARUL,2018,1000.0,1600.0,1600.0
12944,İzmir,Bergama,MARUL,2018,800.0,1280.0,1600.0
12960,İzmir,Menderes,MARUL,2018,700.0,2240.0,3200.0
12976,İzmir,Tire,MARUL,2018,500.0,750.0,1500.0
12992,İzmir,Torbalı,MARUL,2018,562.0,1674.0,2978.6476868327404
13008,İzmir,Ödemiş,MARUL,2018,1016.0,3561.0,3504.9212598425197
13024,İzmir,Bayındır,MARUL,2019,1300.0,2080.0,1600.0
13040,İzmir,Bergama,MARUL,2019,800.0,1280.0,1600.0
13056,İzmir,Menderes,MARUL,2019,700.0,2240.0,3200.0
13072,İzmir,Tire,MARUL,2019,500.0,750.0,1500.0
13088,İzmir,Torbalı,MARUL,2019,590.0,1639.0,2777.9661016949153
13104,İzmir,Ödemiş,MARUL,2019,1016.0,3561.0,3504.9212598425197
13120,İzmir,Bayındır,MARUL,2020,1300.0,2080.0,1600.0
13136,İzmir,Bergama,MARUL,2020,800.0,1280.0,1600.0
13152,İzmir,Menderes,MARUL,2020,700.0,2240.0,3200.0
13168,İzmir,Tire,MARUL,2020,500.0,750.0,1500.0
13184,İzmir,Torbalı,MARUL,2020,405.0,1133.0,2797.5308641975307
13200,İzmir,Ödemiş,MARUL,2020,1000.0,2500.0,2500.0
13216,İzmir,Bayındır,MARUL,2021,1300.0,2080.0,1600.0
13232,İzmir,Bergama,MARUL,2021,14.0,22.0,1571.4285714285713
13248,İzmir,Menderes,MARUL,2021,420.0,1344.0,3200.0
13264,İzmir,Tire,MARUL,2021,836.0,1254.0,1500.0
13280,İzmir,Torbalı,MARUL,2021,323.0,869.0,2690.4024767801857
13296,İzmir,Ödemiş,MARUL,2021,1300.0,5525.0,4250.0
13312,İzmir,Bayındır,MARUL,2022,1400.0,2240.0,1600.0
13328,İzmir,Bergama,MARUL,2022,13.0,20.0,1538.4615384615386
13344,İzmir,Menderes,MARUL,2022,420.0,1344.0,3200.0
13360,İzmir,Tire,MARUL,2022,3124.0,4686.0,1500.0
13376,İzmir,Torbalı,MARUL,2022,507.0,1389.0,2739.644970414201
13392,İzmir,Ödemiş,MARUL,2022,1300.0,5525.0,4250.0
13408,İzmir,Bayındır,MARUL,2023,2125.0,3400.0,1600.0
13424,İzmir,Bergama,MARUL,2023,53.0,144.0,2716.9811320754716
13440,İzmir,Menderes,MARUL,2023,150.0,480.0,3200.0
13456,İzmir,Tire,MARUL,2023,4150.0,6225.0,1500.0
13472,İzmir,Torbalı,MARUL,2023,495.0,1229.0,2482.8282828282827
13488,İzmir,Ödemiş,MARUL,2023,1000.0,4250.0,4250.0
13504,İzmir,Bayındır,MARUL,2024,2500.0,4000.0,1600.0
13520,İzmir,Bergama,MARUL,2024,111.0,216.0,1945.945945945946
13536,İzmir,Menderes,MARUL,2024,300.0,960.0,3200.0
13552,İzmir,Tire,MARUL,2024,5600.0,8400.0,1500.0
13568,İzmir,Torbalı,MARUL,2024,690.0,1725.0,2500.0
13584,İzmir,Ödemiş,MARUL,2024,1000.0,4000.0,4000.0
13600,İzmir,Bayındır,MARUL,2025,4212.0,17016.0,4039.8860398860397
13616,İzmir,Bergama,MARUL,2025,45.0,87.0,1933.3333333333333
13632,İzmir,Menderes,MARUL,2025,100.0,323.0,3230.0
13648,İzmir,Tire,MARUL,2025,5000.0,20220.0,4044.0
13664,İzmir,Torbalı,MARUL,2025,1555.0,5441.0,3499.0353697749197
13680,İzmir,Ödemiş,MARUL,2025,1000.0,4040.0,4040.0
13696,İzmir,Bayındır,PATLICAN UZUN,2013,2000.0,6598.0,3299.0
13700,İzmir,Bergama,PATLICAN UZUN,2013,1500.0,2700.0,1800.0
13704,İzmir,Menderes,PATLICAN UZUN,2013,370.0,946.0,2556.7567567567567
13708,İzmir,Tire,PATLICAN UZUN,2013,1500.0,4499.0,2999.3333333333335
13712,İzmir,Torbalı,PATLICAN UZUN,2013,519.0,1555.0,2996.146435452794
13716,İzmir,Ödemiş,PATLICAN UZUN,2013,2350.0,9398.0,3999.148936170213
13720,İzmir,Bayındır,PATLICAN UZUN,2014,2000.0,6600.0,3300.0
13736,İzmir,Bergama,PATLICAN UZUN,2014,1400.0,2520.0,1800.0
13752,İzmir,Menderes,PATLICAN UZUN,2014,410.0,1046.0,2551.2195121951218
13768,İzmir,Tire,PATLICAN UZUN,2014,1500.0,4500.0,3000.0
13784,İzmir,Torbalı,PATLICAN UZUN,2014,519.0,1555.0,2996.146435452794
13800,İzmir,Ödemiş,PATLICAN UZUN,2014,1500.0,6000.0,4000.0
13816,İzmir,Bayındır,PATLICAN UZUN,2015,1000.0,3300.0,3300.0
13832,İzmir,Bergama,PATLICAN UZUN,2015,1400.0,2520.0,1800.0
13848,İzmir,Menderes,PATLICAN UZUN,2015,420.0,1076.0,2561.904761904762
13864,İzmir,Tire,PATLICAN UZUN,2015,1480.0,4440.0,3000.0
13880,İzmir,Torbalı,PATLICAN UZUN,2015,250.0,748.0,2992.0
13896,İzmir,Ödemiş,PATLICAN UZUN,2015,1500.0,6000.0,4000.0
13912,İzmir,Bayındır,PATLICAN UZUN,2016,1000.0,3300.0,3300.0
13928,İzmir,Bergama,PATLICAN UZUN,2016,1400.0,2520.0,1800.0
13944,İzmir,Menderes,PATLICAN UZUN,2016,530.0,1451.0,2737.735849056604
13960,İzmir,Tire,PATLICAN UZUN,2016,1500.0,4575.0,3050.0
13976,İzmir,Torbalı,PATLICAN UZUN,2016,355.0,1063.0,2994.3661971830984
13992,İzmir,Ödemiş,PATLICAN UZUN,2016,1500.0,6000.0,4000.0
14008,İzmir,Bayındır,PATLICAN UZUN,2017,1000.0,3300.0,3300.0
14024,İzmir,Bergama,PATLICAN UZUN,2017,1200.0,2160.0,1800.0
14040,İzmir,Menderes,PATLICAN UZUN,2017,861.0,2234.0,2594.65737514518
14056,İzmir,Tire,PATLICAN UZUN,2017,1500.0,4500.0,3000.0
14072,İzmir,Torbalı,PATLICAN UZUN,2017,385.0,1153.0,2994.805194805195
14088,İzmir,Ödemiş,PATLICAN UZUN,2017,1900.0,7600.0,4000.0
14104,İzmir,Bayındır,PATLICAN UZUN,2018,1000.0,3300.0,3300.0
14120,İzmir,Bergama,PATLICAN UZUN,2018,1200.0,2160.0,1800.0
14136,İzmir,Menderes,PATLICAN UZUN,2018,961.0,2584.0,2688.865764828304
14152,İzmir,Tire,PATLICAN UZUN,2018,500.0,1500.0,3000.0
14168,İzmir,Torbalı,PATLICAN UZUN,2018,331.0,990.0,2990.9365558912386
14184,İzmir,Ödemiş,PATLICAN UZUN,2018,2000.0,8000.0,4000.0
14200,İzmir,Bayındır,PATLICAN UZUN,2019,800.0,2640.0,3300.0
14216,İzmir,Bergama,PATLICAN UZUN,2019,1200.0,2160.0,1800.0
14232,İzmir,Menderes,PATLICAN UZUN,2019,1501.0,4153.0,2766.822118587608
14248,İzmir,Tire,PATLICAN UZUN,2019,520.0,1560.0,3000.0
14264,İzmir,Torbalı,PATLICAN UZUN,2019,455.0,1318.0,2896.703296703297
14280,İzmir,Ödemiş,PATLICAN UZUN,2019,2000.0,8000.0,4000.0
14296,İzmir,Bayındır,PATLICAN UZUN,2020,300.0,1200.0,4000.0
14312,İzmir,Bergama,PATLICAN UZUN,2020,1200.0,2160.0,1800.0
14328,İzmir,Menderes,PATLICAN UZUN,2020,2150.0,7800.0,3627.906976744186
14344,İzmir,Tire,PATLICAN UZUN,2020,185.0,555.0,3000.0
14360,İzmir,Torbalı,PATLICAN UZUN,2020,180.0,504.0,2800.0
14376,İzmir,Ödemiş,PATLICAN UZUN,2020,1500.0,6000.0,4000.0
14392,İzmir,Bayındır,PATLICAN UZUN,2021,400.0,1600.0,4000.0
14408,İzmir,Bergama,PATLICAN UZUN,2021,77.0,139.0,1805.1948051948052
14424,İzmir,Menderes,PATLICAN UZUN,2021,2150.0,7800.0,3627.906976744186
14440,İzmir,Tire,PATLICAN UZUN,2021,168.0,504.0,3000.0
14456,İzmir,Torbalı,PATLICAN UZUN,2021,245.0,704.0,2873.469387755102
14472,İzmir,Ödemiş,PATLICAN UZUN,2021,150.0,600.0,4000.0
14488,İzmir,Bayındır,PATLICAN UZUN,2022,350.0,1401.0,4002.8571428571427
14504,İzmir,Bergama,PATLICAN UZUN,2022,52.0,94.0,1807.6923076923076
14520,İzmir,Menderes,PATLICAN UZUN,2022,2150.0,7802.0,3628.8372093023254
14536,İzmir,Torbalı,PATLICAN UZUN,2022,176.0,536.0,3045.4545454545455
14552,İzmir,Ödemiş,PATLICAN UZUN,2022,150.0,600.0,4000.0
14568,İzmir,Bayındır,PATLICAN UZUN,2023,350.0,1401.0,4002.8571428571427
14584,İzmir,Bergama,PATLICAN UZUN,2023,46.0,83.0,1804.3478260869565
14600,İzmir,Menderes,PATLICAN UZUN,2023,2155.0,7830.0,3633.410672853828
14616,İzmir,Torbalı,PATLICAN UZUN,2023,128.0,324.0,2531.25
14632,İzmir,Ödemiş,PATLICAN UZUN,2023,700.0,2800.0,4000.0
14648,İzmir,Bayındır,PATLICAN UZUN,2024,400.0,1600.0,4000.0
14664,İzmir,Bergama,PATLICAN UZUN,2024,457.0,826.0,1807.4398249452954
14680,İzmir,Menderes,PATLICAN UZUN,2024,2405.0,12150.0,5051.975051975052
14696,İzmir,Torbalı,PATLICAN UZUN,2024,280.0,716.0,2557.1428571428573
14712,İzmir,Ödemiş,PATLICAN UZUN,2024,700.0,2800.0,4000.0
14728,İzmir,Bayındır,PATLICAN UZUN,2025,352.0,1408.0,4000.0
14744,İzmir,Bergama,PATLICAN UZUN,2025,389.0,703.0,1807.19794344473
14760,İzmir,Menderes,PATLICAN UZUN,2025,1900.0,8500.0,4473.684210526316
14776,İzmir,Torbalı,PATLICAN UZUN,2025,240.0,616.0,2566.6666666666665
14792,İzmir,Ödemiş,PATLICAN UZUN,2025,500.0,2000.0,4000.0
14808,İzmir,Bayındır,PIRASA,2013,750.0,1800.0,2400.0
14812,İzmir,Bergama,PIRASA,2013,500.0,1000.0,2000.0
14816,İzmir,Menderes,PIRASA,2013,80.0,240.0,3000.0
14820,İzmir,Tire,PIRASA,2013,550.0,1375.0,2500.0
14824,İzmir,Torbalı,PIRASA,2013,2250.0,9000.0,4000.0
14828,İzmir,Ödemiş,PIRASA,2013,1300.0,5200.0,4000.0
14832,İzmir,Bayındır,PIRASA,2014,750.0,1800.0,2400.0
14848,İzmir,Bergama,PIRASA,2014,500.0,1000.0,2000.0
14864,İzmir,Menderes,PIRASA,2014,80.0,240.0,3000.0
14880,İzmir,Tire,PIRASA,2014,500.0,1250.0,2500.0
14896,İzmir,Torbalı,PIRASA,2014,2250.0,9000.0,4000.0
14912,İzmir,Ödemiş,PIRASA,2014,500.0,2000.0,4000.0
14928,İzmir,Bayındır,PIRASA,2015,500.0,1200.0,2400.0
14944,İzmir,Bergama,PIRASA,2015,500.0,1000.0,2000.0
14960,İzmir,Menderes,PIRASA,2015,80.0,240.0,3000.0
14976,İzmir,Tire,PIRASA,2015,500.0,1250.0,2500.0
14992,İzmir,Torbalı,PIRASA,2015,2930.0,11720.0,4000.0
15008,İzmir,Ödemiş,PIRASA,2015,500.0,2000.0,4000.0
15024,İzmir,Bayındır,PIRASA,2016,500.0,1196.0,2392.0
15040,İzmir,Bergama,PIRASA,2016,500.0,996.0,1992.0
15056,İzmir,Menderes,PIRASA,2016,80.0,239.0,2987.5
15072,İzmir,Tire,PIRASA,2016,500.0,1246.0,2492.0
15088,İzmir,Torbalı,PIRASA,2016,4600.0,18331.0,3985.0
15104,İzmir,Ödemiş,PIRASA,2016,500.0,1993.0,3986.0
15120,İzmir,Bayındır,PIRASA,2017,500.0,1200.0,2400.0
15136,İzmir,Bergama,PIRASA,2017,500.0,1000.0,2000.0
15152,İzmir,Menderes,PIRASA,2017,80.0,239.0,2987.5
15168,İzmir,Tire,PIRASA,2017,500.0,1250.0,2500.0
15184,İzmir,Torbalı,PIRASA,2017,3675.0,14700.0,4000.0
15200,İzmir,Ödemiş,PIRASA,2017,500.0,2000.0,4000.0
15216,İzmir,Bayındır,PIRASA,2018,500.0,1200.0,2400.0
15232,İzmir,Bergama,PIRASA,2018,500.0,1000.0,2000.0
15248,İzmir,Menderes,PIRASA,2018,80.0,239.0,2987.5
15264,İzmir,Tire,PIRASA,2018,300.0,750.0,2500.0
15280,İzmir,Torbalı,PIRASA,2018,9940.0,39760.0,4000.0
15296,İzmir,Ödemiş,PIRASA,2018,400.0,1600.0,4000.0
15312,İzmir,Bayındır,PIRASA,2019,200.0,480.0,2400.0
15328,İzmir,Bergama,PIRASA,2019,500.0,1000.0,2000.0
15344,İzmir,Menderes,PIRASA,2019,80.0,239.0,2987.5
15360,İzmir,Tire,PIRASA,2019,300.0,750.0,2500.0
15376,İzmir,Torbalı,PIRASA,2019,9940.0,42742.0,4300.0
15392,İzmir,Ödemiş,PIRASA,2019,400.0,1600.0,4000.0
15408,İzmir,Bayındır,PIRASA,2020,160.0,640.0,4000.0
15424,İzmir,Bergama,PIRASA,2020,50.0,100.0,2000.0
15440,İzmir,Menderes,PIRASA,2020,80.0,239.0,2987.5
15456,İzmir,Tire,PIRASA,2020,115.0,288.0,2504.3478260869565
15472,İzmir,Torbalı,PIRASA,2020,9650.0,41091.0,4258.134715025907
15488,İzmir,Ödemiş,PIRASA,2020,200.0,800.0,4000.0
15504,İzmir,Bayındır,PIRASA,2021,230.0,920.0,4000.0
15516,İzmir,Bergama,PIRASA,2021,48.0,96.0,2000.0
15528,İzmir,Menderes,PIRASA,2021,80.0,239.0,2987.5
15540,İzmir,Tire,PIRASA,2021,155.0,389.0,2509.6774193548385
15552,İzmir,Torbalı,PIRASA,2021,7650.0,30600.0,4000.0
15564,İzmir,Ödemiş,PIRASA,2021,75.0,300.0,4000.0
15576,İzmir,Bayındır,PIRASA,2022,400.0,1600.0,4000.0
15592,İzmir,Bergama,PIRASA,2022,45.0,113.0,2511.1111111111113
15608,İzmir,Menderes,PIRASA,2022,80.0,239.0,2987.5
15624,İzmir,Tire,PIRASA,2022,217.0,545.0,2511.5207373271887
15640,İzmir,Torbalı,PIRASA,2022,5260.0,23670.0,4500.0
15656,İzmir,Ödemiş,PIRASA,2022,75.0,300.0,4000.0
15672,İzmir,Bayındır,PIRASA,2023,350.0,1400.0,4000.0
15688,İzmir,Bergama,PIRASA,2023,52.0,131.0,2519.230769230769
15704,İzmir,Menderes,PIRASA,2023,80.0,239.0,2987.5
15720,İzmir,Tire,PIRASA,2023,150.0,377.0,2513.3333333333335
15736,İzmir,Torbalı,PIRASA,2023,6550.0,26200.0,4000.0
15752,İzmir,Ödemiş,PIRASA,2023,250.0,1000.0,4000.0
15768,İzmir,Bayındır,PIRASA,2024,200.0,800.0,4000.0
15784,İzmir,Bergama,PIRASA,2024,331.0,831.0,2510.5740181268884
15800,İzmir,Menderes,PIRASA,2024,80.0,239.0,2987.5
15816,İzmir,Tire,PIRASA,2024,100.0,251.0,2510.0
15832,İzmir,Torbalı,PIRASA,2024,6870.0,27480.0,4000.0
15848,İzmir,Ödemiş,PIRASA,2024,100.0,400.0,4000.0
15864,İzmir,Bayındır,PIRASA,2025,389.0,1556.0,4000.0
15880,İzmir,Bergama,PIRASA,2025,363.0,912.0,2512.396694214876
15896,İzmir,Menderes,PIRASA,2025,80.0,239.0,2987.5
15912,İzmir,Tire,PIRASA,2025,400.0,1600.0,4000.0
15928,İzmir,Torbalı,PIRASA,2025,6800.0,27200.0,4000.0
15944,İzmir,Ödemiş,PIRASA,2025,100.0,400.0,4000.0
15960,İzmir,Bergama,SOGAN KURU,2013,950.0,1805.0,1900.0
15964,İzmir,Ödemiş,SOGAN KURU,2013,50.0,100.0,2000.0
15968,İzmir,Bergama,SOGAN KURU,2014,950.0,1805.0,1900.0
15984,İzmir,Ödemiş,SOGAN KURU,2014,50.0,100.0,2000.0
16000,İzmir,Bergama,SOGAN KURU,2015,950.0,1805.0,1900.0
16016,İzmir,Ödemiş,SOGAN KURU,2015,50.0,100.0,2000.0
16032,İzmir,Bergama,SOGAN KURU,2016,1000.0,1900.0,1900.0
16048,İzmir,Ödemiş,SOGAN KURU,2016,30.0,60.0,2000.0
16064,İzmir,Bergama,SOGAN KURU,2017,900.0,1701.0,1890.0
16080,İzmir,Bergama,SOGAN KURU,2018,800.0,1520.0,1900.0
16096,İzmir,Bergama,SOGAN KURU,2019,1000.0,1800.0,1800.0
16112,İzmir,Bergama,SOGAN KURU,2020,22.0,35.0,1590.909090909091
16128,İzmir,Bergama,SOGAN KURU,2021,18.0,25.0,1388.888888888889
16144,İzmir,Bergama,SOGAN KURU,2022,45.0,65.0,1444.4444444444443
16160,İzmir,Bergama,SOGAN KURU,2023,65.0,80.0,1230.7692307692307
16176,İzmir,Bergama,SOGAN KURU,2024,86.0,106.0,1232.5581395348838
16192,İzmir,Bergama,SOGAN KURU,2025,53.0,57.0,1075.4716981132076
