product_name,year,season,average_price,fertilizer_price,fuel_price,annual_inflation,planted_area,production_amount,lag_1_price,lag_4_price
BIBER SIVRI,2014,Winter,2.5,886.0,4.33,7.05,9687.0,22286.0,2.5,2.5
BIBER SIVRI,2014,Winter,2.5,886.0,4.33,9.14,9687.0,22286.0,2.5,2.5
BIBER SIVRI,2014,Winter,2.5,886.0,4.33,9.34,9687.0,22286.0,2.5,2.5
BIBER SIVRI,2014,Winter,2.5,886.0,4.33,8.99,9687.0,22286.0,2.5,2.5
BIBER SIVRI,2014,Spring,1.81,886.0,4.58,7.05,9687.0,22286.0,2.5,2.5
BIBER SIVRI,2014,Spring,1.81,886.0,4.58,9.14,9687.0,22286.0,1.81,2.5
BIBER SIVRI,2014,Spring,1.81,886.0,4.58,9.34,9687.0,22286.0,1.81,2.5
BIBER SIVRI,2014,Spring,1.81,886.0,4.58,8.99,9687.0,22286.0,1.81,2.5
BIBER SIVRI,2014,Summer,1.13,886.0,4.38,7.05,9687.0,22286.0,1.81,1.81
BIBER SIVRI,2014,Summer,1.13,886.0,4.38,9.14,9687.0,22286.0,1.13,1.81
BIBER SIVRI,2014,Summer,1.13,886.0,4.38,9.34,9687.0,22286.0,1.13,1.81
BIBER SIVRI,2014,Summer,1.13,886.0,4.38,8.99,9687.0,22286.0,1.13,1.81
BIBER SIVRI,2014,Fall,1.34,886.0,4.24,7.05,9687.0,22286.0,1.13,1.13
BIBER SIVRI,2014,Fall,1.34,886.0,4.24,9.14,9687.0,22286.0,1.34,1.13
BIBER SIVRI,2014,Fall,1.34,886.0,4.24,9.34,9687.0,22286.0,1.34,1.13
BIBER SIVRI,2014,Fall,1.34,886.0,4.24,8.99,9687.0,22286.0,1.34,1.13
BIBER SIVRI,2015,Winter,2.18,903.33,3.66,7.65,9831.0,23754.0,1.34,1.34
BIBER SIVRI,2015,Winter,2.18,903.33,3.66,7.87,9831.0,23754.0,2.18,1.34
BIBER SIVRI,2015,Winter,2.18,903.33,3.66,7.05,9831.0,23754.0,2.18,1.34
BIBER SIVRI,2015,Winter,2.18,903.33,3.66,7.88,9831.0,23754.0,2.18,1.34
BIBER SIVRI,2015,Spring,2.68,903.33,3.93,7.65,9831.0,23754.0,2.18,2.18
BIBER SIVRI,2015,Spring,2.68,903.33,3.93,7.87,9831.0,23754.0,2.68,2.18
BIBER SIVRI,2015,Spring,2.68,903.33,3.93,7.05,9831.0,23754.0,2.68,2.18
BIBER SIVRI,2015,Spring,2.68,903.33,3.93,7.88,9831.0,23754.0,2.68,2.18
BIBER SIVRI,2015,Summer,1.12,903.33,3.9,7.65,9831.0,23754.0,2.68,2.68
BIBER SIVRI,2015,Summer,1.12,903.33,3.9,7.87,9831.0,23754.0,1.12,2.68
BIBER SIVRI,2015,Summer,1.12,903.33,3.9,7.05,9831.0,23754.0,1.12,2.68
BIBER SIVRI,2015,Summer,1.12,903.33,3.9,7.88,9831.0,23754.0,1.12,2.68
BIBER SIVRI,2015,Fall,1.4,903.33,3.84,7.65,9831.0,23754.0,1.12,1.12
BIBER SIVRI,2015,Fall,1.4,903.33,3.84,7.87,9831.0,23754.0,1.4,1.12
BIBER SIVRI,2015,Fall,1.4,903.33,3.84,7.05,9831.0,23754.0,1.4,1.12
BIBER SIVRI,2015,Fall,1.4,903.33,3.84,7.88,9831.0,23754.0,1.4,1.12
BIBER SIVRI,2016,Winter,2.46,822.67,3.78,9.06,9784.0,23522.0,1.4,1.4
BIBER SIVRI,2016,Winter,2.46,822.67,3.78,6.87,9784.0,23522.0,2.46,1.4
BIBER SIVRI,2016,Winter,2.46,822.67,3.78,8.16,9784.0,23522.0,2.46,1.4
BIBER SIVRI,2016,Winter,2.46,822.67,3.78,7.15,9784.0,23522.0,2.46,1.4
BIBER SIVRI,2016,Spring,2.09,822.67,3.63,9.06,9784.0,23522.0,2.46,2.46
BIBER SIVRI,2016,Spring,2.09,822.67,3.63,6.87,9784.0,23522.0,2.09,2.46
BIBER SIVRI,2016,Spring,2.09,822.67,3.63,8.16,9784.0,23522.0,2.09,2.46
BIBER SIVRI,2016,Spring,2.09,822.67,3.63,7.15,9784.0,23522.0,2.09,2.46
BIBER SIVRI,2016,Summer,1.42,822.67,3.79,9.06,9784.0,23522.0,2.09,2.09
BIBER SIVRI,2016,Summer,1.42,822.67,3.79,6.87,9784.0,23522.0,1.42,2.09
BIBER SIVRI,2016,Summer,1.42,822.67,3.79,8.16,9784.0,23522.0,1.42,2.09
BIBER SIVRI,2016,Summer,1.42,822.67,3.79,7.15,9784.0,23522.0,1.42,2.09
BIBER SIVRI,2016,Fall,1.79,822.67,4.13,9.06,9784.0,23522.0,1.42,1.42
BIBER SIVRI,2016,Fall,1.79,822.67,4.13,6.87,9784.0,23522.0,1.79,1.42
BIBER SIVRI,2016,Fall,1.79,822.67,4.13,8.16,9784.0,23522.0,1.79,1.42
BIBER SIVRI,2016,Fall,1.79,822.67,4.13,7.15,9784.0,23522.0,1.79,1.42
BIBER SIVRI,2017,Winter,3.38,906.33,4.81,9.3,8880.0,20435.0,1.79,1.79
BIBER SIVRI,2017,Winter,3.38,906.33,4.81,11.63,8880.0,20435.0,3.38,1.79
BIBER SIVRI,2017,Winter,3.38,906.33,4.81,10.45,8880.0,20435.0,3.38,1.79
BIBER SIVRI,2017,Winter,3.38,906.33,4.81,12.03,8880.0,20435.0,3.38,1.79
BIBER SIVRI,2017,Spring,3.45,906.33,4.55,9.3,8880.0,20435.0,3.38,3.38
BIBER SIVRI,2017,Spring,3.45,906.33,4.55,11.63,8880.0,20435.0,3.45,3.38
BIBER SIVRI,2017,Spring,3.45,906.33,4.55,10.45,8880.0,20435.0,3.45,3.38
BIBER SIVRI,2017,Spring,3.45,906.33,4.55,12.03,8880.0,20435.0,3.45,3.38
BIBER SIVRI,2017,Summer,1.58,906.33,4.48,9.3,8880.0,20435.0,3.45,3.45
BIBER SIVRI,2017,Summer,1.58,906.33,4.48,11.63,8880.0,20435.0,1.58,3.45
BIBER SIVRI,2017,Summer,1.58,906.33,4.48,10.45,8880.0,20435.0,1.58,3.45
BIBER SIVRI,2017,Summer,1.58,906.33,4.48,12.03,8880.0,20435.0,1.58,3.45
BIBER SIVRI,2017,Fall,2.23,906.33,4.83,9.3,8880.0,20435.0,1.58,1.58
BIBER SIVRI,2017,Fall,2.23,906.33,4.83,11.63,8880.0,20435.0,2.23,1.58
BIBER SIVRI,2017,Fall,2.23,906.33,4.83,10.45,8880.0,20435.0,2.23,1.58
BIBER SIVRI,2017,Fall,2.23,906.33,4.83,12.03,8880.0,20435.0,2.23,1.58
BIBER SIVRI,2018,Winter,2.18,1217.33,5.4,10.83,9073.0,21343.0,2.23,2.23
BIBER SIVRI,2018,Winter,2.18,1217.33,5.4,11.08,9073.0,21343.0,2.18,2.23
BIBER SIVRI,2018,Winter,2.18,1217.33,5.4,16.38,9073.0,21343.0,2.18,2.23
BIBER SIVRI,2018,Winter,2.18,1217.33,5.4,23.78,9073.0,21343.0,2.18,2.23
BIBER SIVRI,2018,Spring,2.16,1217.33,5.46,10.83,9073.0,21343.0,2.18,2.18
BIBER SIVRI,2018,Spring,2.16,1217.33,5.46,11.08,9073.0,21343.0,2.16,2.18
BIBER SIVRI,2018,Spring,2.16,1217.33,5.46,16.38,9073.0,21343.0,2.16,2.18
BIBER SIVRI,2018,Spring,2.16,1217.33,5.46,23.78,9073.0,21343.0,2.16,2.18
BIBER SIVRI,2018,Summer,1.85,1217.33,5.81,10.83,9073.0,21343.0,2.16,2.16
BIBER SIVRI,2018,Summer,1.85,1217.33,5.81,11.08,9073.0,21343.0,1.85,2.16
BIBER SIVRI,2018,Summer,1.85,1217.33,5.81,16.38,9073.0,21343.0,1.85,2.16
BIBER SIVRI,2018,Summer,1.85,1217.33,5.81,23.78,9073.0,21343.0,1.85,2.16
BIBER SIVRI,2018,Fall,2.67,1217.33,6.34,10.83,9073.0,21343.0,1.85,1.85
BIBER SIVRI,2018,Fall,2.67,1217.33,6.34,11.08,9073.0,21343.0,2.67,1.85
BIBER SIVRI,2018,Fall,2.67,1217.33,6.34,16.38,9073.0,21343.0,2.67,1.85
BIBER SIVRI,2018,Fall,2.67,1217.33,6.34,23.78,9073.0,21343.0,2.67,1.85
BIBER SIVRI,2019,Winter,5.19,1486.33,6.22,20.11,9265.0,22271.0,2.67,2.67
BIBER SIVRI,2019,Winter,5.19,1486.33,6.22,19.3,9265.0,22271.0,5.19,2.67
BIBER SIVRI,2019,Winter,5.19,1486.33,6.22,15.79,9265.0,22271.0,5.19,2.67
BIBER SIVRI,2019,Winter,5.19,1486.33,6.22,9.46,9265.0,22271.0,5.19,2.67
BIBER SIVRI,2019,Spring,5.6,1486.33,6.44,20.11,9265.0,22271.0,5.19,5.19
BIBER SIVRI,2019,Spring,5.6,1486.33,6.44,19.3,9265.0,22271.0,5.6,5.19
BIBER SIVRI,2019,Spring,5.6,1486.33,6.44,15.79,9265.0,22271.0,5.6,5.19
BIBER SIVRI,2019,Spring,5.6,1486.33,6.44,9.46,9265.0,22271.0,5.6,5.19
BIBER SIVRI,2019,Summer,2.48,1486.33,6.38,20.11,9265.0,22271.0,5.6,5.6
BIBER SIVRI,2019,Summer,2.48,1486.33,6.38,19.3,9265.0,22271.0,2.48,5.6
BIBER SIVRI,2019,Summer,2.48,1486.33,6.38,15.79,9265.0,22271.0,2.48,5.6
BIBER SIVRI,2019,Summer,2.48,1486.33,6.38,9.46,9265.0,22271.0,2.48,5.6
BIBER SIVRI,2019,Fall,2.35,1486.33,6.53,20.11,9265.0,22271.0,2.48,2.48
BIBER SIVRI,2019,Fall,2.35,1486.33,6.53,19.3,9265.0,22271.0,2.35,2.48
BIBER SIVRI,2019,Fall,2.35,1486.33,6.53,15.79,9265.0,22271.0,2.35,2.48
BIBER SIVRI,2019,Fall,2.35,1486.33,6.53,9.46,9265.0,22271.0,2.35,2.48
BIBER SIVRI,2020,Winter,3.48,2226.67,6.61,12.12,9445.0,28495.0,2.35,2.35
BIBER SIVRI,2020,Winter,3.48,2226.67,6.61,11.39,9445.0,28495.0,3.48,2.35
BIBER SIVRI,2020,Winter,3.48,2226.67,6.61,12.05,9445.0,28495.0,3.48,2.35
BIBER SIVRI,2020,Winter,3.48,2226.67,6.61,12.56,9445.0,28495.0,3.48,2.35
BIBER SIVRI,2020,Spring,4.75,2226.67,5.51,12.12,9445.0,28495.0,3.48,3.48
BIBER SIVRI,2020,Spring,4.75,2226.67,5.51,11.39,9445.0,28495.0,4.75,3.48
BIBER SIVRI,2020,Spring,4.75,2226.67,5.51,12.05,9445.0,28495.0,4.75,3.48
BIBER SIVRI,2020,Spring,4.75,2226.67,5.51,12.56,9445.0,28495.0,4.75,3.48
BIBER SIVRI,2020,Summer,3.42,2226.67,5.98,12.12,9445.0,28495.0,4.75,4.75
BIBER SIVRI,2020,Summer,3.42,2226.67,5.98,11.39,9445.0,28495.0,3.42,4.75
BIBER SIVRI,2020,Summer,3.42,2226.67,5.98,12.05,9445.0,28495.0,3.42,4.75
BIBER SIVRI,2020,Summer,3.42,2226.67,5.98,12.56,9445.0,28495.0,3.42,4.75
BIBER SIVRI,2020,Fall,4.06,2226.67,6.2,12.12,9445.0,28495.0,3.42,3.42
BIBER SIVRI,2020,Fall,4.06,2226.67,6.2,11.39,9445.0,28495.0,4.06,3.42
BIBER SIVRI,2020,Fall,4.06,2226.67,6.2,12.05,9445.0,28495.0,4.06,3.42
BIBER SIVRI,2020,Fall,4.06,2226.67,6.2,12.56,9445.0,28495.0,4.06,3.42
BIBER SIVRI,2021,Winter,4.69,6709.0,8.1,15.06,6815.0,21753.0,4.06,4.06
BIBER SIVRI,2021,Winter,4.69,6709.0,8.1,16.64,6815.0,21753.0,4.69,4.06
BIBER SIVRI,2021,Winter,4.69,6709.0,8.1,18.58,6815.0,21753.0,4.69,4.06
BIBER SIVRI,2021,Winter,4.69,6709.0,8.1,20.27,6815.0,21753.0,4.69,4.06
BIBER SIVRI,2021,Spring,5.87,6709.0,6.69,15.06,6815.0,21753.0,4.69,4.69
BIBER SIVRI,2021,Spring,5.87,6709.0,6.69,16.64,6815.0,21753.0,5.87,4.69
BIBER SIVRI,2021,Spring,5.87,6709.0,6.69,18.58,6815.0,21753.0,5.87,4.69
BIBER SIVRI,2021,Spring,5.87,6709.0,6.69,20.27,6815.0,21753.0,5.87,4.69
BIBER SIVRI,2021,Summer,3.52,6709.0,7.34,15.06,6815.0,21753.0,5.87,5.87
BIBER SIVRI,2021,Summer,3.52,6709.0,7.34,16.64,6815.0,21753.0,3.52,5.87
BIBER SIVRI,2021,Summer,3.52,6709.0,7.34,18.58,6815.0,21753.0,3.52,5.87
BIBER SIVRI,2021,Summer,3.52,6709.0,7.34,20.27,6815.0,21753.0,3.52,5.87
BIBER SIVRI,2021,Fall,4.73,6709.0,7.99,15.06,6815.0,21753.0,3.52,3.52
BIBER SIVRI,2021,Fall,4.73,6709.0,7.99,16.64,6815.0,21753.0,4.73,3.52
BIBER SIVRI,2021,Fall,4.73,6709.0,7.99,18.58,6815.0,21753.0,4.73,3.52
BIBER SIVRI,2021,Fall,4.73,6709.0,7.99,20.27,6815.0,21753.0,4.73,3.52
BIBER SIVRI,2022,Winter,10.67,15353.33,17.3,46.48,6093.0,20185.0,4.73,4.73
BIBER SIVRI,2022,Winter,10.67,15353.33,17.3,68.26,6093.0,20185.0,10.67,4.73
BIBER SIVRI,2022,Winter,10.67,15353.33,17.3,79.48,6093.0,20185.0,10.67,4.73
BIBER SIVRI,2022,Winter,10.67,15353.33,17.3,84.46,6093.0,20185.0,10.67,4.73
BIBER SIVRI,2022,Spring,15.08,15353.33,21.62,46.48,6093.0,20185.0,10.67,10.67
BIBER SIVRI,2022,Spring,15.08,15353.33,21.62,68.26,6093.0,20185.0,15.08,10.67
BIBER SIVRI,2022,Spring,15.08,15353.33,21.62,79.48,6093.0,20185.0,15.08,10.67
BIBER SIVRI,2022,Spring,15.08,15353.33,21.62,84.46,6093.0,20185.0,15.08,10.67
BIBER SIVRI,2022,Summer,10.97,15353.33,26.18,46.48,6093.0,20185.0,15.08,15.08
BIBER SIVRI,2022,Summer,10.97,15353.33,26.18,68.26,6093.0,20185.0,10.97,15.08
BIBER SIVRI,2022,Summer,10.97,15353.33,26.18,79.48,6093.0,20185.0,10.97,15.08
BIBER SIVRI,2022,Summer,10.97,15353.33,26.18,84.46,6093.0,20185.0,10.97,15.08
BIBER SIVRI,2022,Fall,17.68,15353.33,25.49,46.48,6093.0,20185.0,10.97,10.97
BIBER SIVRI,2022,Fall,17.68,15353.33,25.49,68.26,6093.0,20185.0,17.68,10.97
BIBER SIVRI,2022,Fall,17.68,15353.33,25.49,79.48,6093.0,20185.0,17.68,10.97
BIBER SIVRI,2022,Fall,17.68,15353.33,25.49,84.46,6093.0,20185.0,17.68,10.97
BIBER SIVRI,2023,Winter,22.27,10488.0,27.43,58.8,6533.0,20556.0,17.68,17.68
BIBER SIVRI,2023,Winter,22.27,10488.0,27.43,44.41,6533.0,20556.0,22.27,17.68
BIBER SIVRI,2023,Winter,22.27,10488.0,27.43,48.46,6533.0,20556.0,22.27,17.68
BIBER SIVRI,2023,Winter,22.27,10488.0,27.43,61.63,6533.0,20556.0,22.27,17.68
BIBER SIVRI,2023,Spring,23.24,10488.0,20.55,58.8,6533.0,20556.0,22.27,22.27
BIBER SIVRI,2023,Spring,23.24,10488.0,20.55,44.41,6533.0,20556.0,23.24,22.27
BIBER SIVRI,2023,Spring,23.24,10488.0,20.55,48.46,6533.0,20556.0,23.24,22.27
BIBER SIVRI,2023,Spring,23.24,10488.0,20.55,61.63,6533.0,20556.0,23.24,22.27
BIBER SIVRI,2023,Summer,21.74,10488.0,30.3,58.8,6533.0,20556.0,23.24,23.24
BIBER SIVRI,2023,Summer,21.74,10488.0,30.3,44.41,6533.0,20556.0,21.74,23.24
BIBER SIVRI,2023,Summer,21.74,10488.0,30.3,48.46,6533.0,20556.0,21.74,23.24
BIBER SIVRI,2023,Summer,21.74,10488.0,30.3,61.63,6533.0,20556.0,21.74,23.24
BIBER SIVRI,2023,Fall,23.72,10488.0,39.39,58.8,6533.0,20556.0,21.74,21.74
BIBER SIVRI,2023,Fall,23.72,10488.0,39.39,44.41,6533.0,20556.0,23.72,21.74
BIBER SIVRI,2023,Fall,23.72,10488.0,39.39,48.46,6533.0,20556.0,23.72,21.74
BIBER SIVRI,2023,Fall,23.72,10488.0,39.39,61.63,6533.0,20556.0,23.72,21.74
BIBER SIVRI,2024,Winter,37.88,11266.67,42.89,65.6,6825.0,19136.0,23.72,23.72
BIBER SIVRI,2024,Winter,37.88,11266.67,42.89,71.27,6825.0,19136.0,37.88,23.72
BIBER SIVRI,2024,Winter,37.88,11266.67,42.89,61.2,6825.0,19136.0,37.88,23.72
BIBER SIVRI,2024,Winter,37.88,11266.67,42.89,48.33,6825.0,19136.0,37.88,23.72
BIBER SIVRI,2024,Spring,31.64,11266.67,42.39,65.6,6825.0,19136.0,37.88,37.88
BIBER SIVRI,2024,Spring,31.64,11266.67,42.39,71.27,6825.0,19136.0,31.64,37.88
BIBER SIVRI,2024,Spring,31.64,11266.67,42.39,61.2,6825.0,19136.0,31.64,37.88
BIBER SIVRI,2024,Spring,31.64,11266.67,42.39,48.33,6825.0,19136.0,31.64,37.88
BIBER SIVRI,2024,Summer,35.37,11266.67,44.12,65.6,6825.0,19136.0,31.64,31.64
BIBER SIVRI,2024,Summer,35.37,11266.67,44.12,71.27,6825.0,19136.0,35.37,31.64
BIBER SIVRI,2024,Summer,35.37,11266.67,44.12,61.2,6825.0,19136.0,35.37,31.64
BIBER SIVRI,2024,Summer,35.37,11266.67,44.12,48.33,6825.0,19136.0,35.37,31.64
BIBER SIVRI,2024,Fall,42.75,11266.67,43.82,65.6,6825.0,19136.0,35.37,35.37
BIBER SIVRI,2024,Fall,42.75,11266.67,43.82,71.27,6825.0,19136.0,42.75,35.37
BIBER SIVRI,2024,Fall,42.75,11266.67,43.82,61.2,6825.0,19136.0,42.75,35.37
BIBER SIVRI,2024,Fall,42.75,11266.67,43.82,48.33,6825.0,19136.0,42.75,35.37
BIBER SIVRI,2025,Winter,59.69,14550.0,50.28,41.75,6010.0,16790.0,42.75,42.75
BIBER SIVRI,2025,Winter,59.69,14550.0,50.28,37.09,6010.0,16790.0,59.69,42.75
BIBER SIVRI,2025,Winter,59.69,14550.0,50.28,33.82,6010.0,16790.0,59.69,42.75
BIBER SIVRI,2025,Winter,59.69,14550.0,50.28,32.39,6010.0,16790.0,59.69,42.75
BIBER SIVRI,2025,Spring,59.46,14550.0,46.68,41.75,6010.0,16790.0,59.69,59.69
BIBER SIVRI,2025,Spring,59.46,14550.0,46.68,37.09,6010.0,16790.0,59.46,59.69
BIBER SIVRI,2025,Spring,59.46,14550.0,46.68,33.82,6010.0,16790.0,59.46,59.69
BIBER SIVRI,2025,Spring,59.46,14550.0,46.68,32.39,6010.0,16790.0,59.46,59.69
BIBER SIVRI,2025,Summer,36.48,14550.0,52.69,41.75,6010.0,16790.0,59.46,59.46
BIBER SIVRI,2025,Summer,36.48,14550.0,52.69,37.09,6010.0,16790.0,36.48,59.46
BIBER SIVRI,2025,Summer,36.48,14550.0,52.69,33.82,6010.0,16790.0,36.48,59.46
BIBER SIVRI,2025,Summer,36.48,14550.0,52.69,32.39,6010.0,16790.0,36.48,59.46
BIBER SIVRI,2025,Fall,39.12,14550.0,56.39,41.75,6010.0,16790.0,36.48,36.48
BIBER SIVRI,2025,Fall,39.12,14550.0,56.39,37.09,6010.0,16790.0,39.12,36.48
BIBER SIVRI,2025,Fall,39.12,14550.0,56.39,33.82,6010.0,16790.0,39.12,36.48
BIBER SIVRI,2025,Fall,39.12,14550.0,56.39,32.39,6010.0,16790.0,39.12,36.48
BIBER SIVRI,2026,Winter,45.33,,58.1,28.72,,,39.12,39.12
BIBER SIVRI,2026,Spring,86.3,,71.54,28.72,,,45.33,39.12
BIBER SIVRI,2026,Summer,48.32,,66.72,28.72,,,86.3,39.12
DOMATES SALKIM,2014,Winter,2.32,886.0,4.33,7.05,25449.0,173029.0,2.32,2.32
DOMATES SALKIM,2014,Winter,2.32,886.0,4.33,9.14,25449.0,173029.0,2.32,2.32
DOMATES SALKIM,2014,Winter,2.32,886.0,4.33,9.34,25449.0,173029.0,2.32,2.32
DOMATES SALKIM,2014,Winter,2.32,886.0,4.33,8.99,25449.0,173029.0,2.32,2.32
DOMATES SALKIM,2014,Spring,2.01,886.0,4.58,7.05,25449.0,173029.0,2.32,2.32
DOMATES SALKIM,2014,Spring,2.01,886.0,4.58,9.14,25449.0,173029.0,2.01,2.32
DOMATES SALKIM,2014,Spring,2.01,886.0,4.58,9.34,25449.0,173029.0,2.01,2.32
DOMATES SALKIM,2014,Spring,2.01,886.0,4.58,8.99,25449.0,173029.0,2.01,2.32
DOMATES SALKIM,2014,Summer,1.27,886.0,4.38,7.05,25449.0,173029.0,2.01,2.01
DOMATES SALKIM,2014,Summer,1.27,886.0,4.38,9.14,25449.0,173029.0,1.27,2.01
DOMATES SALKIM,2014,Summer,1.27,886.0,4.38,9.34,25449.0,173029.0,1.27,2.01
DOMATES SALKIM,2014,Summer,1.27,886.0,4.38,8.99,25449.0,173029.0,1.27,2.01
DOMATES SALKIM,2014,Fall,2.25,886.0,4.24,7.05,25449.0,173029.0,1.27,1.27
DOMATES SALKIM,2014,Fall,2.25,886.0,4.24,9.14,25449.0,173029.0,2.25,1.27
DOMATES SALKIM,2014,Fall,2.25,886.0,4.24,9.34,25449.0,173029.0,2.25,1.27
DOMATES SALKIM,2014,Fall,2.25,886.0,4.24,8.99,25449.0,173029.0,2.25,1.27
DOMATES SALKIM,2015,Winter,2.21,903.33,3.66,7.65,23721.0,161085.0,2.25,2.25
DOMATES SALKIM,2015,Winter,2.21,903.33,3.66,7.87,23721.0,161085.0,2.21,2.25
DOMATES SALKIM,2015,Winter,2.21,903.33,3.66,7.05,23721.0,161085.0,2.21,2.25
DOMATES SALKIM,2015,Winter,2.21,903.33,3.66,7.88,23721.0,161085.0,2.21,2.25
DOMATES SALKIM,2015,Spring,2.32,903.33,3.93,7.65,23721.0,161085.0,2.21,2.21
DOMATES SALKIM,2015,Spring,2.32,903.33,3.93,7.87,23721.0,161085.0,2.32,2.21
DOMATES SALKIM,2015,Spring,2.32,903.33,3.93,7.05,23721.0,161085.0,2.32,2.21
DOMATES SALKIM,2015,Spring,2.32,903.33,3.93,7.88,23721.0,161085.0,2.32,2.21
DOMATES SALKIM,2015,Summer,1.3,903.33,3.9,7.65,23721.0,161085.0,2.32,2.32
DOMATES SALKIM,2015,Summer,1.3,903.33,3.9,7.87,23721.0,161085.0,1.3,2.32
DOMATES SALKIM,2015,Summer,1.3,903.33,3.9,7.05,23721.0,161085.0,1.3,2.32
DOMATES SALKIM,2015,Summer,1.3,903.33,3.9,7.88,23721.0,161085.0,1.3,2.32
DOMATES SALKIM,2015,Fall,2.09,903.33,3.84,7.65,23721.0,161085.0,1.3,1.3
DOMATES SALKIM,2015,Fall,2.09,903.33,3.84,7.87,23721.0,161085.0,2.09,1.3
DOMATES SALKIM,2015,Fall,2.09,903.33,3.84,7.05,23721.0,161085.0,2.09,1.3
DOMATES SALKIM,2015,Fall,2.09,903.33,3.84,7.88,23721.0,161085.0,2.09,1.3
DOMATES SALKIM,2016,Winter,2.39,822.67,3.78,9.06,24349.0,197136.0,2.09,2.09
DOMATES SALKIM,2016,Winter,2.39,822.67,3.78,6.87,24349.0,197136.0,2.39,2.09
DOMATES SALKIM,2016,Winter,2.39,822.67,3.78,8.16,24349.0,197136.0,2.39,2.09
DOMATES SALKIM,2016,Winter,2.39,822.67,3.78,7.15,24349.0,197136.0,2.39,2.09
DOMATES SALKIM,2016,Spring,1.92,822.67,3.63,9.06,24349.0,197136.0,2.39,2.39
DOMATES SALKIM,2016,Spring,1.92,822.67,3.63,6.87,24349.0,197136.0,1.92,2.39
DOMATES SALKIM,2016,Spring,1.92,822.67,3.63,8.16,24349.0,197136.0,1.92,2.39
DOMATES SALKIM,2016,Spring,1.92,822.67,3.63,7.15,24349.0,197136.0,1.92,2.39
DOMATES SALKIM,2016,Summer,1.85,822.67,3.79,9.06,24349.0,197136.0,1.92,1.92
DOMATES SALKIM,2016,Summer,1.85,822.67,3.79,6.87,24349.0,197136.0,1.85,1.92
DOMATES SALKIM,2016,Summer,1.85,822.67,3.79,8.16,24349.0,197136.0,1.85,1.92
DOMATES SALKIM,2016,Summer,1.85,822.67,3.79,7.15,24349.0,197136.0,1.85,1.92
DOMATES SALKIM,2016,Fall,2.78,822.67,4.13,9.06,24349.0,197136.0,1.85,1.85
DOMATES SALKIM,2016,Fall,2.78,822.67,4.13,6.87,24349.0,197136.0,2.78,1.85
DOMATES SALKIM,2016,Fall,2.78,822.67,4.13,8.16,24349.0,197136.0,2.78,1.85
DOMATES SALKIM,2016,Fall,2.78,822.67,4.13,7.15,24349.0,197136.0,2.78,1.85
DOMATES SALKIM,2017,Winter,3.27,906.33,4.81,9.3,24187.0,194678.0,2.78,2.78
DOMATES SALKIM,2017,Winter,3.27,906.33,4.81,11.63,24187.0,194678.0,3.27,2.78
DOMATES SALKIM,2017,Winter,3.27,906.33,4.81,10.45,24187.0,194678.0,3.27,2.78
DOMATES SALKIM,2017,Winter,3.27,906.33,4.81,12.03,24187.0,194678.0,3.27,2.78
DOMATES SALKIM,2017,Spring,3.2,906.33,4.55,9.3,24187.0,194678.0,3.27,3.27
DOMATES SALKIM,2017,Spring,3.2,906.33,4.55,11.63,24187.0,194678.0,3.2,3.27
DOMATES SALKIM,2017,Spring,3.2,906.33,4.55,10.45,24187.0,194678.0,3.2,3.27
DOMATES SALKIM,2017,Spring,3.2,906.33,4.55,12.03,24187.0,194678.0,3.2,3.27
DOMATES SALKIM,2017,Summer,1.65,906.33,4.48,9.3,24187.0,194678.0,3.2,3.2
DOMATES SALKIM,2017,Summer,1.65,906.33,4.48,11.63,24187.0,194678.0,1.65,3.2
DOMATES SALKIM,2017,Summer,1.65,906.33,4.48,10.45,24187.0,194678.0,1.65,3.2
DOMATES SALKIM,2017,Summer,1.65,906.33,4.48,12.03,24187.0,194678.0,1.65,3.2
DOMATES SALKIM,2017,Fall,2.87,906.33,4.83,9.3,24187.0,194678.0,1.65,1.65
DOMATES SALKIM,2017,Fall,2.87,906.33,4.83,11.63,24187.0,194678.0,2.87,1.65
DOMATES SALKIM,2017,Fall,2.87,906.33,4.83,10.45,24187.0,194678.0,2.87,1.65
DOMATES SALKIM,2017,Fall,2.87,906.33,4.83,12.03,24187.0,194678.0,2.87,1.65
DOMATES SALKIM,2018,Winter,3.88,1217.33,5.4,10.83,20367.0,167445.0,2.87,2.87
DOMATES SALKIM,2018,Winter,3.88,1217.33,5.4,11.08,20367.0,167445.0,3.88,2.87
DOMATES SALKIM,2018,Winter,3.88,1217.33,5.4,16.38,20367.0,167445.0,3.88,2.87
DOMATES SALKIM,2018,Winter,3.88,1217.33,5.4,23.78,20367.0,167445.0,3.88,2.87
DOMATES SALKIM,2018,Spring,2.91,1217.33,5.46,10.83,20367.0,167445.0,3.88,3.88
DOMATES SALKIM,2018,Spring,2.91,1217.33,5.46,11.08,20367.0,167445.0,2.91,3.88
DOMATES SALKIM,2018,Spring,2.91,1217.33,5.46,16.38,20367.0,167445.0,2.91,3.88
DOMATES SALKIM,2018,Spring,2.91,1217.33,5.46,23.78,20367.0,167445.0,2.91,3.88
DOMATES SALKIM,2018,Summer,2.65,1217.33,5.81,10.83,20367.0,167445.0,2.91,2.91
DOMATES SALKIM,2018,Summer,2.65,1217.33,5.81,11.08,20367.0,167445.0,2.65,2.91
DOMATES SALKIM,2018,Summer,2.65,1217.33,5.81,16.38,20367.0,167445.0,2.65,2.91
DOMATES SALKIM,2018,Summer,2.65,1217.33,5.81,23.78,20367.0,167445.0,2.65,2.91
DOMATES SALKIM,2018,Fall,4.06,1217.33,6.34,10.83,20367.0,167445.0,2.65,2.65
DOMATES SALKIM,2018,Fall,4.06,1217.33,6.34,11.08,20367.0,167445.0,4.06,2.65
DOMATES SALKIM,2018,Fall,4.06,1217.33,6.34,16.38,20367.0,167445.0,4.06,2.65
DOMATES SALKIM,2018,Fall,4.06,1217.33,6.34,23.78,20367.0,167445.0,4.06,2.65
DOMATES SALKIM,2019,Winter,4.04,1486.33,6.22,20.11,19699.0,160635.0,4.06,4.06
DOMATES SALKIM,2019,Winter,4.04,1486.33,6.22,19.3,19699.0,160635.0,4.04,4.06
DOMATES SALKIM,2019,Winter,4.04,1486.33,6.22,15.79,19699.0,160635.0,4.04,4.06
DOMATES SALKIM,2019,Winter,4.04,1486.33,6.22,9.46,19699.0,160635.0,4.04,4.06
DOMATES SALKIM,2019,Spring,3.9,1486.33,6.44,20.11,19699.0,160635.0,4.04,4.04
DOMATES SALKIM,2019,Spring,3.9,1486.33,6.44,19.3,19699.0,160635.0,3.9,4.04
DOMATES SALKIM,2019,Spring,3.9,1486.33,6.44,15.79,19699.0,160635.0,3.9,4.04
DOMATES SALKIM,2019,Spring,3.9,1486.33,6.44,9.46,19699.0,160635.0,3.9,4.04
DOMATES SALKIM,2019,Summer,2.39,1486.33,6.38,20.11,19699.0,160635.0,3.9,3.9
DOMATES SALKIM,2019,Summer,2.39,1486.33,6.38,19.3,19699.0,160635.0,2.39,3.9
DOMATES SALKIM,2019,Summer,2.39,1486.33,6.38,15.79,19699.0,160635.0,2.39,3.9
DOMATES SALKIM,2019,Summer,2.39,1486.33,6.38,9.46,19699.0,160635.0,2.39,3.9
DOMATES SALKIM,2019,Fall,3.27,1486.33,6.53,20.11,19699.0,160635.0,2.39,2.39
DOMATES SALKIM,2019,Fall,3.27,1486.33,6.53,19.3,19699.0,160635.0,3.27,2.39
DOMATES SALKIM,2019,Fall,3.27,1486.33,6.53,15.79,19699.0,160635.0,3.27,2.39
DOMATES SALKIM,2019,Fall,3.27,1486.33,6.53,9.46,19699.0,160635.0,3.27,2.39
DOMATES SALKIM,2020,Winter,4.6,2226.67,6.61,12.12,21730.0,159018.0,3.27,3.27
DOMATES SALKIM,2020,Winter,4.6,2226.67,6.61,11.39,21730.0,159018.0,4.6,3.27
DOMATES SALKIM,2020,Winter,4.6,2226.67,6.61,12.05,21730.0,159018.0,4.6,3.27
DOMATES SALKIM,2020,Winter,4.6,2226.67,6.61,12.56,21730.0,159018.0,4.6,3.27
DOMATES SALKIM,2020,Spring,3.27,2226.67,5.51,12.12,21730.0,159018.0,4.6,4.6
DOMATES SALKIM,2020,Spring,3.27,2226.67,5.51,11.39,21730.0,159018.0,3.27,4.6
DOMATES SALKIM,2020,Spring,3.27,2226.67,5.51,12.05,21730.0,159018.0,3.27,4.6
DOMATES SALKIM,2020,Spring,3.27,2226.67,5.51,12.56,21730.0,159018.0,3.27,4.6
DOMATES SALKIM,2020,Summer,2.19,2226.67,5.98,12.12,21730.0,159018.0,3.27,3.27
DOMATES SALKIM,2020,Summer,2.19,2226.67,5.98,11.39,21730.0,159018.0,2.19,3.27
DOMATES SALKIM,2020,Summer,2.19,2226.67,5.98,12.05,21730.0,159018.0,2.19,3.27
DOMATES SALKIM,2020,Summer,2.19,2226.67,5.98,12.56,21730.0,159018.0,2.19,3.27
DOMATES SALKIM,2020,Fall,2.91,2226.67,6.2,12.12,21730.0,159018.0,2.19,2.19
DOMATES SALKIM,2020,Fall,2.91,2226.67,6.2,11.39,21730.0,159018.0,2.91,2.19
DOMATES SALKIM,2020,Fall,2.91,2226.67,6.2,12.05,21730.0,159018.0,2.91,2.19
DOMATES SALKIM,2020,Fall,2.91,2226.67,6.2,12.56,21730.0,159018.0,2.91,2.19
DOMATES SALKIM,2021,Winter,2.95,6709.0,8.1,15.06,10663.0,76110.0,2.91,2.91
DOMATES SALKIM,2021,Winter,2.95,6709.0,8.1,16.64,10663.0,76110.0,2.95,2.91
DOMATES SALKIM,2021,Winter,2.95,6709.0,8.1,18.58,10663.0,76110.0,2.95,2.91
DOMATES SALKIM,2021,Winter,2.95,6709.0,8.1,20.27,10663.0,76110.0,2.95,2.91
DOMATES SALKIM,2021,Spring,3.86,6709.0,6.69,15.06,10663.0,76110.0,2.95,2.95
DOMATES SALKIM,2021,Spring,3.86,6709.0,6.69,16.64,10663.0,76110.0,3.86,2.95
DOMATES SALKIM,2021,Spring,3.86,6709.0,6.69,18.58,10663.0,76110.0,3.86,2.95
DOMATES SALKIM,2021,Spring,3.86,6709.0,6.69,20.27,10663.0,76110.0,3.86,2.95
DOMATES SALKIM,2021,Summer,3.49,6709.0,7.34,15.06,10663.0,76110.0,3.86,3.86
DOMATES SALKIM,2021,Summer,3.49,6709.0,7.34,16.64,10663.0,76110.0,3.49,3.86
DOMATES SALKIM,2021,Summer,3.49,6709.0,7.34,18.58,10663.0,76110.0,3.49,3.86
DOMATES SALKIM,2021,Summer,3.49,6709.0,7.34,20.27,10663.0,76110.0,3.49,3.86
DOMATES SALKIM,2021,Fall,6.36,6709.0,7.99,15.06,10663.0,76110.0,3.49,3.49
DOMATES SALKIM,2021,Fall,6.36,6709.0,7.99,16.64,10663.0,76110.0,6.36,3.49
DOMATES SALKIM,2021,Fall,6.36,6709.0,7.99,18.58,10663.0,76110.0,6.36,3.49
DOMATES SALKIM,2021,Fall,6.36,6709.0,7.99,20.27,10663.0,76110.0,6.36,3.49
DOMATES SALKIM,2022,Winter,8.01,15353.33,17.3,46.48,9386.0,78032.0,6.36,6.36
DOMATES SALKIM,2022,Winter,8.01,15353.33,17.3,68.26,9386.0,78032.0,8.01,6.36
DOMATES SALKIM,2022,Winter,8.01,15353.33,17.3,79.48,9386.0,78032.0,8.01,6.36
DOMATES SALKIM,2022,Winter,8.01,15353.33,17.3,84.46,9386.0,78032.0,8.01,6.36
DOMATES SALKIM,2022,Spring,11.63,15353.33,21.62,46.48,9386.0,78032.0,8.01,8.01
DOMATES SALKIM,2022,Spring,11.63,15353.33,21.62,68.26,9386.0,78032.0,11.63,8.01
DOMATES SALKIM,2022,Spring,11.63,15353.33,21.62,79.48,9386.0,78032.0,11.63,8.01
DOMATES SALKIM,2022,Spring,11.63,15353.33,21.62,84.46,9386.0,78032.0,11.63,8.01
DOMATES SALKIM,2022,Summer,9.26,15353.33,26.18,46.48,9386.0,78032.0,11.63,11.63
DOMATES SALKIM,2022,Summer,9.26,15353.33,26.18,68.26,9386.0,78032.0,9.26,11.63
DOMATES SALKIM,2022,Summer,9.26,15353.33,26.18,79.48,9386.0,78032.0,9.26,11.63
DOMATES SALKIM,2022,Summer,9.26,15353.33,26.18,84.46,9386.0,78032.0,9.26,11.63
DOMATES SALKIM,2022,Fall,11.75,15353.33,25.49,46.48,9386.0,78032.0,9.26,9.26
DOMATES SALKIM,2022,Fall,11.75,15353.33,25.49,68.26,9386.0,78032.0,11.75,9.26
DOMATES SALKIM,2022,Fall,11.75,15353.33,25.49,79.48,9386.0,78032.0,11.75,9.26
DOMATES SALKIM,2022,Fall,11.75,15353.33,25.49,84.46,9386.0,78032.0,11.75,9.26
DOMATES SALKIM,2023,Winter,14.81,10488.0,27.43,58.8,9029.0,75721.0,11.75,11.75
DOMATES SALKIM,2023,Winter,14.81,10488.0,27.43,44.41,9029.0,75721.0,14.81,11.75
DOMATES SALKIM,2023,Winter,14.81,10488.0,27.43,48.46,9029.0,75721.0,14.81,11.75
DOMATES SALKIM,2023,Winter,14.81,10488.0,27.43,61.63,9029.0,75721.0,14.81,11.75
DOMATES SALKIM,2023,Spring,14.96,10488.0,20.55,58.8,9029.0,75721.0,14.81,14.81
DOMATES SALKIM,2023,Spring,14.96,10488.0,20.55,44.41,9029.0,75721.0,14.96,14.81
DOMATES SALKIM,2023,Spring,14.96,10488.0,20.55,48.46,9029.0,75721.0,14.96,14.81
DOMATES SALKIM,2023,Spring,14.96,10488.0,20.55,61.63,9029.0,75721.0,14.96,14.81
DOMATES SALKIM,2023,Summer,20.95,10488.0,30.3,58.8,9029.0,75721.0,14.96,14.96
DOMATES SALKIM,2023,Summer,20.95,10488.0,30.3,44.41,9029.0,75721.0,20.95,14.96
DOMATES SALKIM,2023,Summer,20.95,10488.0,30.3,48.46,9029.0,75721.0,20.95,14.96
DOMATES SALKIM,2023,Summer,20.95,10488.0,30.3,61.63,9029.0,75721.0,20.95,14.96
DOMATES SALKIM,2023,Fall,22.53,10488.0,39.39,58.8,9029.0,75721.0,20.95,20.95
DOMATES SALKIM,2023,Fall,22.53,10488.0,39.39,44.41,9029.0,75721.0,22.53,20.95
DOMATES SALKIM,2023,Fall,22.53,10488.0,39.39,48.46,9029.0,75721.0,22.53,20.95
DOMATES SALKIM,2023,Fall,22.53,10488.0,39.39,61.63,9029.0,75721.0,22.53,20.95
DOMATES SALKIM,2024,Winter,26.17,11266.67,42.89,65.6,20165.0,139094.0,22.53,22.53
DOMATES SALKIM,2024,Winter,26.17,11266.67,42.89,71.27,20165.0,139094.0,26.17,22.53
DOMATES SALKIM,2024,Winter,26.17,11266.67,42.89,61.2,20165.0,139094.0,26.17,22.53
DOMATES SALKIM,2024,Winter,26.17,11266.67,42.89,48.33,20165.0,139094.0,26.17,22.53
DOMATES SALKIM,2024,Spring,24.06,11266.67,42.39,65.6,20165.0,139094.0,26.17,26.17
DOMATES SALKIM,2024,Spring,24.06,11266.67,42.39,71.27,20165.0,139094.0,24.06,26.17
DOMATES SALKIM,2024,Spring,24.06,11266.67,42.39,61.2,20165.0,139094.0,24.06,26.17
DOMATES SALKIM,2024,Spring,24.06,11266.67,42.39,48.33,20165.0,139094.0,24.06,26.17
DOMATES SALKIM,2024,Summer,26.24,11266.67,44.12,65.6,20165.0,139094.0,24.06,24.06
DOMATES SALKIM,2024,Summer,26.24,11266.67,44.12,71.27,20165.0,139094.0,26.24,24.06
DOMATES SALKIM,2024,Summer,26.24,11266.67,44.12,61.2,20165.0,139094.0,26.24,24.06
DOMATES SALKIM,2024,Summer,26.24,11266.67,44.12,48.33,20165.0,139094.0,26.24,24.06
DOMATES SALKIM,2024,Fall,34.42,11266.67,43.82,65.6,20165.0,139094.0,26.24,26.24
DOMATES SALKIM,2024,Fall,34.42,11266.67,43.82,71.27,20165.0,139094.0,34.42,26.24
DOMATES SALKIM,2024,Fall,34.42,11266.67,43.82,61.2,20165.0,139094.0,34.42,26.24
DOMATES SALKIM,2024,Fall,34.42,11266.67,43.82,48.33,20165.0,139094.0,34.42,26.24
DOMATES SALKIM,2025,Winter,41.45,14550.0,50.28,41.75,22893.0,162946.0,34.42,34.42
DOMATES SALKIM,2025,Winter,41.45,14550.0,50.28,37.09,22893.0,162946.0,41.45,34.42
DOMATES SALKIM,2025,Winter,41.45,14550.0,50.28,33.82,22893.0,162946.0,41.45,34.42
DOMATES SALKIM,2025,Winter,41.45,14550.0,50.28,32.39,22893.0,162946.0,41.45,34.42
DOMATES SALKIM,2025,Spring,32.06,14550.0,46.68,41.75,22893.0,162946.0,41.45,41.45
DOMATES SALKIM,2025,Spring,32.06,14550.0,46.68,37.09,22893.0,162946.0,32.06,41.45
DOMATES SALKIM,2025,Spring,32.06,14550.0,46.68,33.82,22893.0,162946.0,32.06,41.45
DOMATES SALKIM,2025,Spring,32.06,14550.0,46.68,32.39,22893.0,162946.0,32.06,41.45
DOMATES SALKIM,2025,Summer,28.35,14550.0,52.69,41.75,22893.0,162946.0,32.06,32.06
DOMATES SALKIM,2025,Summer,28.35,14550.0,52.69,37.09,22893.0,162946.0,28.35,32.06
DOMATES SALKIM,2025,Summer,28.35,14550.0,52.69,33.82,22893.0,162946.0,28.35,32.06
DOMATES SALKIM,2025,Summer,28.35,14550.0,52.69,32.39,22893.0,162946.0,28.35,32.06
DOMATES SALKIM,2025,Fall,34.5,14550.0,56.39,41.75,22893.0,162946.0,28.35,28.35
DOMATES SALKIM,2025,Fall,34.5,14550.0,56.39,37.09,22893.0,162946.0,34.5,28.35
DOMATES SALKIM,2025,Fall,34.5,14550.0,56.39,33.82,22893.0,162946.0,34.5,28.35
DOMATES SALKIM,2025,Fall,34.5,14550.0,56.39,32.39,22893.0,162946.0,34.5,28.35
DOMATES SALKIM,2026,Winter,50.48,,58.1,28.72,,,34.5,34.5
DOMATES SALKIM,2026,Spring,73.25,,71.54,28.72,,,50.48,34.5
DOMATES SALKIM,2026,Summer,28.7,,66.72,28.72,,,73.25,34.5
KABAK TAZE,2014,Winter,1.63,886.0,4.33,7.05,2860.0,8240.0,1.63,1.63
KABAK TAZE,2014,Winter,1.63,886.0,4.33,9.14,2860.0,8240.0,1.63,1.63
KABAK TAZE,2014,Winter,1.63,886.0,4.33,9.34,2860.0,8240.0,1.63,1.63
KABAK TAZE,2014,Winter,1.63,886.0,4.33,8.99,2860.0,8240.0,1.63,1.63
KABAK TAZE,2014,Spring,1.08,886.0,4.58,7.05,2860.0,8240.0,1.63,1.63
KABAK TAZE,2014,Spring,1.08,886.0,4.58,9.14,2860.0,8240.0,1.08,1.63
KABAK TAZE,2014,Spring,1.08,886.0,4.58,9.34,2860.0,8240.0,1.08,1.63
KABAK TAZE,2014,Spring,1.08,886.0,4.58,8.99,2860.0,8240.0,1.08,1.63
KABAK TAZE,2014,Summer,0.85,886.0,4.38,7.05,2860.0,8240.0,1.08,1.08
KABAK TAZE,2014,Summer,0.85,886.0,4.38,9.14,2860.0,8240.0,0.85,1.08
KABAK TAZE,2014,Summer,0.85,886.0,4.38,9.34,2860.0,8240.0,0.85,1.08
KABAK TAZE,2014,Summer,0.85,886.0,4.38,8.99,2860.0,8240.0,0.85,1.08
KABAK TAZE,2014,Fall,1.06,886.0,4.24,7.05,2860.0,8240.0,0.85,0.85
KABAK TAZE,2014,Fall,1.06,886.0,4.24,9.14,2860.0,8240.0,1.06,0.85
KABAK TAZE,2014,Fall,1.06,886.0,4.24,9.34,2860.0,8240.0,1.06,0.85
KABAK TAZE,2014,Fall,1.06,886.0,4.24,8.99,2860.0,8240.0,1.06,0.85
KABAK TAZE,2015,Winter,2.04,903.33,3.66,7.65,2545.0,7130.0,1.06,1.06
KABAK TAZE,2015,Winter,2.04,903.33,3.66,7.87,2545.0,7130.0,2.04,1.06
KABAK TAZE,2015,Winter,2.04,903.33,3.66,7.05,2545.0,7130.0,2.04,1.06
KABAK TAZE,2015,Winter,2.04,903.33,3.66,7.88,2545.0,7130.0,2.04,1.06
KABAK TAZE,2015,Spring,1.46,903.33,3.93,7.65,2545.0,7130.0,2.04,2.04
KABAK TAZE,2015,Spring,1.46,903.33,3.93,7.87,2545.0,7130.0,1.46,2.04
KABAK TAZE,2015,Spring,1.46,903.33,3.93,7.05,2545.0,7130.0,1.46,2.04
KABAK TAZE,2015,Spring,1.46,903.33,3.93,7.88,2545.0,7130.0,1.46,2.04
KABAK TAZE,2015,Summer,0.97,903.33,3.9,7.65,2545.0,7130.0,1.46,1.46
KABAK TAZE,2015,Summer,0.97,903.33,3.9,7.87,2545.0,7130.0,0.97,1.46
KABAK TAZE,2015,Summer,0.97,903.33,3.9,7.05,2545.0,7130.0,0.97,1.46
KABAK TAZE,2015,Summer,0.97,903.33,3.9,7.88,2545.0,7130.0,0.97,1.46
KABAK TAZE,2015,Fall,1.28,903.33,3.84,7.65,2545.0,7130.0,0.97,0.97
KABAK TAZE,2015,Fall,1.28,903.33,3.84,7.87,2545.0,7130.0,1.28,0.97
KABAK TAZE,2015,Fall,1.28,903.33,3.84,7.05,2545.0,7130.0,1.28,0.97
KABAK TAZE,2015,Fall,1.28,903.33,3.84,7.88,2545.0,7130.0,1.28,0.97
KABAK TAZE,2016,Winter,2.06,822.67,3.78,9.06,2475.0,6931.0,1.28,1.28
KABAK TAZE,2016,Winter,2.06,822.67,3.78,6.87,2475.0,6931.0,2.06,1.28
KABAK TAZE,2016,Winter,2.06,822.67,3.78,8.16,2475.0,6931.0,2.06,1.28
KABAK TAZE,2016,Winter,2.06,822.67,3.78,7.15,2475.0,6931.0,2.06,1.28
KABAK TAZE,2016,Spring,1.06,822.67,3.63,9.06,2475.0,6931.0,2.06,2.06
KABAK TAZE,2016,Spring,1.06,822.67,3.63,6.87,2475.0,6931.0,1.06,2.06
KABAK TAZE,2016,Spring,1.06,822.67,3.63,8.16,2475.0,6931.0,1.06,2.06
KABAK TAZE,2016,Spring,1.06,822.67,3.63,7.15,2475.0,6931.0,1.06,2.06
KABAK TAZE,2016,Summer,1.12,822.67,3.79,9.06,2475.0,6931.0,1.06,1.06
KABAK TAZE,2016,Summer,1.12,822.67,3.79,6.87,2475.0,6931.0,1.12,1.06
KABAK TAZE,2016,Summer,1.12,822.67,3.79,8.16,2475.0,6931.0,1.12,1.06
KABAK TAZE,2016,Summer,1.12,822.67,3.79,7.15,2475.0,6931.0,1.12,1.06
KABAK TAZE,2016,Fall,1.21,822.67,4.13,9.06,2475.0,6931.0,1.12,1.12
KABAK TAZE,2016,Fall,1.21,822.67,4.13,6.87,2475.0,6931.0,1.21,1.12
KABAK TAZE,2016,Fall,1.21,822.67,4.13,8.16,2475.0,6931.0,1.21,1.12
KABAK TAZE,2016,Fall,1.21,822.67,4.13,7.15,2475.0,6931.0,1.21,1.12
KABAK TAZE,2017,Winter,2.8,906.33,4.81,9.3,2615.0,7400.0,1.21,1.21
KABAK TAZE,2017,Winter,2.8,906.33,4.81,11.63,2615.0,7400.0,2.8,1.21
KABAK TAZE,2017,Winter,2.8,906.33,4.81,10.45,2615.0,7400.0,2.8,1.21
KABAK TAZE,2017,Winter,2.8,906.33,4.81,12.03,2615.0,7400.0,2.8,1.21
KABAK TAZE,2017,Spring,1.5,906.33,4.55,9.3,2615.0,7400.0,2.8,2.8
KABAK TAZE,2017,Spring,1.5,906.33,4.55,11.63,2615.0,7400.0,1.5,2.8
KABAK TAZE,2017,Spring,1.5,906.33,4.55,10.45,2615.0,7400.0,1.5,2.8
KABAK TAZE,2017,Spring,1.5,906.33,4.55,12.03,2615.0,7400.0,1.5,2.8
KABAK TAZE,2017,Summer,1.08,906.33,4.48,9.3,2615.0,7400.0,1.5,1.5
KABAK TAZE,2017,Summer,1.08,906.33,4.48,11.63,2615.0,7400.0,1.08,1.5
KABAK TAZE,2017,Summer,1.08,906.33,4.48,10.45,2615.0,7400.0,1.08,1.5
KABAK TAZE,2017,Summer,1.08,906.33,4.48,12.03,2615.0,7400.0,1.08,1.5
KABAK TAZE,2017,Fall,1.59,906.33,4.83,9.3,2615.0,7400.0,1.08,1.08
KABAK TAZE,2017,Fall,1.59,906.33,4.83,11.63,2615.0,7400.0,1.59,1.08
KABAK TAZE,2017,Fall,1.59,906.33,4.83,10.45,2615.0,7400.0,1.59,1.08
KABAK TAZE,2017,Fall,1.59,906.33,4.83,12.03,2615.0,7400.0,1.59,1.08
KABAK TAZE,2018,Winter,1.92,1217.33,5.4,10.83,2310.0,6439.0,1.59,1.59
KABAK TAZE,2018,Winter,1.92,1217.33,5.4,11.08,2310.0,6439.0,1.92,1.59
KABAK TAZE,2018,Winter,1.92,1217.33,5.4,16.38,2310.0,6439.0,1.92,1.59
KABAK TAZE,2018,Winter,1.92,1217.33,5.4,23.78,2310.0,6439.0,1.92,1.59
KABAK TAZE,2018,Spring,1.87,1217.33,5.46,10.83,2310.0,6439.0,1.92,1.92
KABAK TAZE,2018,Spring,1.87,1217.33,5.46,11.08,2310.0,6439.0,1.87,1.92
KABAK TAZE,2018,Spring,1.87,1217.33,5.46,16.38,2310.0,6439.0,1.87,1.92
KABAK TAZE,2018,Spring,1.87,1217.33,5.46,23.78,2310.0,6439.0,1.87,1.92
KABAK TAZE,2018,Summer,1.47,1217.33,5.81,10.83,2310.0,6439.0,1.87,1.87
KABAK TAZE,2018,Summer,1.47,1217.33,5.81,11.08,2310.0,6439.0,1.47,1.87
KABAK TAZE,2018,Summer,1.47,1217.33,5.81,16.38,2310.0,6439.0,1.47,1.87
KABAK TAZE,2018,Summer,1.47,1217.33,5.81,23.78,2310.0,6439.0,1.47,1.87
KABAK TAZE,2018,Fall,1.7,1217.33,6.34,10.83,2310.0,6439.0,1.47,1.47
KABAK TAZE,2018,Fall,1.7,1217.33,6.34,11.08,2310.0,6439.0,1.7,1.47
KABAK TAZE,2018,Fall,1.7,1217.33,6.34,16.38,2310.0,6439.0,1.7,1.47
KABAK TAZE,2018,Fall,1.7,1217.33,6.34,23.78,2310.0,6439.0,1.7,1.47
KABAK TAZE,2019,Winter,3.53,1486.33,6.22,20.11,2050.0,5560.0,1.7,1.7
KABAK TAZE,2019,Winter,3.53,1486.33,6.22,19.3,2050.0,5560.0,3.53,1.7
KABAK TAZE,2019,Winter,3.53,1486.33,6.22,15.79,2050.0,5560.0,3.53,1.7
KABAK TAZE,2019,Winter,3.53,1486.33,6.22,9.46,2050.0,5560.0,3.53,1.7
KABAK TAZE,2019,Spring,2.43,1486.33,6.44,20.11,2050.0,5560.0,3.53,3.53
KABAK TAZE,2019,Spring,2.43,1486.33,6.44,19.3,2050.0,5560.0,2.43,3.53
KABAK TAZE,2019,Spring,2.43,1486.33,6.44,15.79,2050.0,5560.0,2.43,3.53
KABAK TAZE,2019,Spring,2.43,1486.33,6.44,9.46,2050.0,5560.0,2.43,3.53
KABAK TAZE,2019,Summer,1.09,1486.33,6.38,20.11,2050.0,5560.0,2.43,2.43
KABAK TAZE,2019,Summer,1.09,1486.33,6.38,19.3,2050.0,5560.0,1.09,2.43
KABAK TAZE,2019,Summer,1.09,1486.33,6.38,15.79,2050.0,5560.0,1.09,2.43
KABAK TAZE,2019,Summer,1.09,1486.33,6.38,9.46,2050.0,5560.0,1.09,2.43
KABAK TAZE,2019,Fall,1.73,1486.33,6.53,20.11,2050.0,5560.0,1.09,1.09
KABAK TAZE,2019,Fall,1.73,1486.33,6.53,19.3,2050.0,5560.0,1.73,1.09
KABAK TAZE,2019,Fall,1.73,1486.33,6.53,15.79,2050.0,5560.0,1.73,1.09
KABAK TAZE,2019,Fall,1.73,1486.33,6.53,9.46,2050.0,5560.0,1.73,1.09
KABAK TAZE,2020,Winter,3.52,2226.67,6.61,12.12,1318.0,3023.0,1.73,1.73
KABAK TAZE,2020,Winter,3.52,2226.67,6.61,11.39,1318.0,3023.0,3.52,1.73
KABAK TAZE,2020,Winter,3.52,2226.67,6.61,12.05,1318.0,3023.0,3.52,1.73
KABAK TAZE,2020,Winter,3.52,2226.67,6.61,12.56,1318.0,3023.0,3.52,1.73
KABAK TAZE,2020,Spring,3.18,2226.67,5.51,12.12,1318.0,3023.0,3.52,3.52
KABAK TAZE,2020,Spring,3.18,2226.67,5.51,11.39,1318.0,3023.0,3.18,3.52
KABAK TAZE,2020,Spring,3.18,2226.67,5.51,12.05,1318.0,3023.0,3.18,3.52
KABAK TAZE,2020,Spring,3.18,2226.67,5.51,12.56,1318.0,3023.0,3.18,3.52
KABAK TAZE,2020,Summer,2.09,2226.67,5.98,12.12,1318.0,3023.0,3.18,3.18
KABAK TAZE,2020,Summer,2.09,2226.67,5.98,11.39,1318.0,3023.0,2.09,3.18
KABAK TAZE,2020,Summer,2.09,2226.67,5.98,12.05,1318.0,3023.0,2.09,3.18
KABAK TAZE,2020,Summer,2.09,2226.67,5.98,12.56,1318.0,3023.0,2.09,3.18
KABAK TAZE,2020,Fall,2.25,2226.67,6.2,12.12,1318.0,3023.0,2.09,2.09
KABAK TAZE,2020,Fall,2.25,2226.67,6.2,11.39,1318.0,3023.0,2.25,2.09
KABAK TAZE,2020,Fall,2.25,2226.67,6.2,12.05,1318.0,3023.0,2.25,2.09
KABAK TAZE,2020,Fall,2.25,2226.67,6.2,12.56,1318.0,3023.0,2.25,2.09
KABAK TAZE,2021,Winter,3.83,6709.0,8.1,15.06,849.0,1879.0,2.25,2.25
KABAK TAZE,2021,Winter,3.83,6709.0,8.1,16.64,849.0,1879.0,3.83,2.25
KABAK TAZE,2021,Winter,3.83,6709.0,8.1,18.58,849.0,1879.0,3.83,2.25
KABAK TAZE,2021,Winter,3.83,6709.0,8.1,20.27,849.0,1879.0,3.83,2.25
KABAK TAZE,2021,Spring,3.06,6709.0,6.69,15.06,849.0,1879.0,3.83,3.83
KABAK TAZE,2021,Spring,3.06,6709.0,6.69,16.64,849.0,1879.0,3.06,3.83
KABAK TAZE,2021,Spring,3.06,6709.0,6.69,18.58,849.0,1879.0,3.06,3.83
KABAK TAZE,2021,Spring,3.06,6709.0,6.69,20.27,849.0,1879.0,3.06,3.83
KABAK TAZE,2021,Summer,3.59,6709.0,7.34,15.06,849.0,1879.0,3.06,3.06
KABAK TAZE,2021,Summer,3.59,6709.0,7.34,16.64,849.0,1879.0,3.59,3.06
KABAK TAZE,2021,Summer,3.59,6709.0,7.34,18.58,849.0,1879.0,3.59,3.06
KABAK TAZE,2021,Summer,3.59,6709.0,7.34,20.27,849.0,1879.0,3.59,3.06
KABAK TAZE,2021,Fall,3.61,6709.0,7.99,15.06,849.0,1879.0,3.59,3.59
KABAK TAZE,2021,Fall,3.61,6709.0,7.99,16.64,849.0,1879.0,3.61,3.59
KABAK TAZE,2021,Fall,3.61,6709.0,7.99,18.58,849.0,1879.0,3.61,3.59
KABAK TAZE,2021,Fall,3.61,6709.0,7.99,20.27,849.0,1879.0,3.61,3.59
KABAK TAZE,2022,Winter,7.98,15353.33,17.3,46.48,753.0,1847.0,3.61,3.61
KABAK TAZE,2022,Winter,7.98,15353.33,17.3,68.26,753.0,1847.0,7.98,3.61
KABAK TAZE,2022,Winter,7.98,15353.33,17.3,79.48,753.0,1847.0,7.98,3.61
KABAK TAZE,2022,Winter,7.98,15353.33,17.3,84.46,753.0,1847.0,7.98,3.61
KABAK TAZE,2022,Spring,10.34,15353.33,21.62,46.48,753.0,1847.0,7.98,7.98
KABAK TAZE,2022,Spring,10.34,15353.33,21.62,68.26,753.0,1847.0,10.34,7.98
KABAK TAZE,2022,Spring,10.34,15353.33,21.62,79.48,753.0,1847.0,10.34,7.98
KABAK TAZE,2022,Spring,10.34,15353.33,21.62,84.46,753.0,1847.0,10.34,7.98
KABAK TAZE,2022,Summer,7.45,15353.33,26.18,46.48,753.0,1847.0,10.34,10.34
KABAK TAZE,2022,Summer,7.45,15353.33,26.18,68.26,753.0,1847.0,7.45,10.34
KABAK TAZE,2022,Summer,7.45,15353.33,26.18,79.48,753.0,1847.0,7.45,10.34
KABAK TAZE,2022,Summer,7.45,15353.33,26.18,84.46,753.0,1847.0,7.45,10.34
KABAK TAZE,2022,Fall,9.77,15353.33,25.49,46.48,753.0,1847.0,7.45,7.45
KABAK TAZE,2022,Fall,9.77,15353.33,25.49,68.26,753.0,1847.0,9.77,7.45
KABAK TAZE,2022,Fall,9.77,15353.33,25.49,79.48,753.0,1847.0,9.77,7.45
KABAK TAZE,2022,Fall,9.77,15353.33,25.49,84.46,753.0,1847.0,9.77,7.45
KABAK TAZE,2023,Winter,14.51,10488.0,27.43,58.8,651.0,1485.0,9.77,9.77
KABAK TAZE,2023,Winter,14.51,10488.0,27.43,44.41,651.0,1485.0,14.51,9.77
KABAK TAZE,2023,Winter,14.51,10488.0,27.43,48.46,651.0,1485.0,14.51,9.77
KABAK TAZE,2023,Winter,14.51,10488.0,27.43,61.63,651.0,1485.0,14.51,9.77
KABAK TAZE,2023,Spring,17.44,10488.0,20.55,58.8,651.0,1485.0,14.51,14.51
KABAK TAZE,2023,Spring,17.44,10488.0,20.55,44.41,651.0,1485.0,17.44,14.51
KABAK TAZE,2023,Spring,17.44,10488.0,20.55,48.46,651.0,1485.0,17.44,14.51
KABAK TAZE,2023,Spring,17.44,10488.0,20.55,61.63,651.0,1485.0,17.44,14.51
KABAK TAZE,2023,Summer,18.99,10488.0,30.3,58.8,651.0,1485.0,17.44,17.44
KABAK TAZE,2023,Summer,18.99,10488.0,30.3,44.41,651.0,1485.0,18.99,17.44
KABAK TAZE,2023,Summer,18.99,10488.0,30.3,48.46,651.0,1485.0,18.99,17.44
KABAK TAZE,2023,Summer,18.99,10488.0,30.3,61.63,651.0,1485.0,18.99,17.44
KABAK TAZE,2023,Fall,19.34,10488.0,39.39,58.8,651.0,1485.0,18.99,18.99
KABAK TAZE,2023,Fall,19.34,10488.0,39.39,44.41,651.0,1485.0,19.34,18.99
KABAK TAZE,2023,Fall,19.34,10488.0,39.39,48.46,651.0,1485.0,19.34,18.99
KABAK TAZE,2023,Fall,19.34,10488.0,39.39,61.63,651.0,1485.0,19.34,18.99
KABAK TAZE,2024,Winter,25.99,11266.67,42.89,65.6,899.0,2070.0,19.34,19.34
KABAK TAZE,2024,Winter,25.99,11266.67,42.89,71.27,899.0,2070.0,25.99,19.34
KABAK TAZE,2024,Winter,25.99,11266.67,42.89,61.2,899.0,2070.0,25.99,19.34
KABAK TAZE,2024,Winter,25.99,11266.67,42.89,48.33,899.0,2070.0,25.99,19.34
KABAK TAZE,2024,Spring,18.68,11266.67,42.39,65.6,899.0,2070.0,25.99,25.99
KABAK TAZE,2024,Spring,18.68,11266.67,42.39,71.27,899.0,2070.0,18.68,25.99
KABAK TAZE,2024,Spring,18.68,11266.67,42.39,61.2,899.0,2070.0,18.68,25.99
KABAK TAZE,2024,Spring,18.68,11266.67,42.39,48.33,899.0,2070.0,18.68,25.99
KABAK TAZE,2024,Summer,25.37,11266.67,44.12,65.6,899.0,2070.0,18.68,18.68
KABAK TAZE,2024,Summer,25.37,11266.67,44.12,71.27,899.0,2070.0,25.37,18.68
KABAK TAZE,2024,Summer,25.37,11266.67,44.12,61.2,899.0,2070.0,25.37,18.68
KABAK TAZE,2024,Summer,25.37,11266.67,44.12,48.33,899.0,2070.0,25.37,18.68
KABAK TAZE,2024,Fall,30.16,11266.67,43.82,65.6,899.0,2070.0,25.37,25.37
KABAK TAZE,2024,Fall,30.16,11266.67,43.82,71.27,899.0,2070.0,30.16,25.37
KABAK TAZE,2024,Fall,30.16,11266.67,43.82,61.2,899.0,2070.0,30.16,25.37
KABAK TAZE,2024,Fall,30.16,11266.67,43.82,48.33,899.0,2070.0,30.16,25.37
KABAK TAZE,2025,Winter,32.44,14550.0,50.28,41.75,808.0,1845.0,30.16,30.16
KABAK TAZE,2025,Winter,32.44,14550.0,50.28,37.09,808.0,1845.0,32.44,30.16
KABAK TAZE,2025,Winter,32.44,14550.0,50.28,33.82,808.0,1845.0,32.44,30.16
KABAK TAZE,2025,Winter,32.44,14550.0,50.28,32.39,808.0,1845.0,32.44,30.16
KABAK TAZE,2025,Spring,34.18,14550.0,46.68,41.75,808.0,1845.0,32.44,32.44
KABAK TAZE,2025,Spring,34.18,14550.0,46.68,37.09,808.0,1845.0,34.18,32.44
KABAK TAZE,2025,Spring,34.18,14550.0,46.68,33.82,808.0,1845.0,34.18,32.44
KABAK TAZE,2025,Spring,34.18,14550.0,46.68,32.39,808.0,1845.0,34.18,32.44
KABAK TAZE,2025,Summer,23.06,14550.0,52.69,41.75,808.0,1845.0,34.18,34.18
KABAK TAZE,2025,Summer,23.06,14550.0,52.69,37.09,808.0,1845.0,23.06,34.18
KABAK TAZE,2025,Summer,23.06,14550.0,52.69,33.82,808.0,1845.0,23.06,34.18
KABAK TAZE,2025,Summer,23.06,14550.0,52.69,32.39,808.0,1845.0,23.06,34.18
KABAK TAZE,2025,Fall,25.71,14550.0,56.39,41.75,808.0,1845.0,23.06,23.06
KABAK TAZE,2025,Fall,25.71,14550.0,56.39,37.09,808.0,1845.0,25.71,23.06
KABAK TAZE,2025,Fall,25.71,14550.0,56.39,33.82,808.0,1845.0,25.71,23.06
KABAK TAZE,2025,Fall,25.71,14550.0,56.39,32.39,808.0,1845.0,25.71,23.06
KABAK TAZE,2026,Winter,55.95,,58.1,28.72,,,25.71,25.71
KABAK TAZE,2026,Spring,41.37,,71.54,28.72,,,55.95,25.71
KABAK TAZE,2026,Summer,25.92,,66.72,28.72,,,41.37,25.71
KARPUZ,2014,Spring,1.17,886.0,4.58,7.05,43760.0,215145.0,1.17,1.17
KARPUZ,2014,Spring,1.17,886.0,4.58,9.14,43760.0,215145.0,1.17,1.17
KARPUZ,2014,Spring,1.17,886.0,4.58,9.34,43760.0,215145.0,1.17,1.17
KARPUZ,2014,Spring,1.17,886.0,4.58,8.99,43760.0,215145.0,1.17,1.17
KARPUZ,2014,Summer,0.38,886.0,4.38,7.05,43760.0,215145.0,1.17,1.17
KARPUZ,2014,Summer,0.38,886.0,4.38,9.14,43760.0,215145.0,0.38,1.17
KARPUZ,2014,Summer,0.38,886.0,4.38,9.34,43760.0,215145.0,0.38,1.17
KARPUZ,2014,Summer,0.38,886.0,4.38,8.99,43760.0,215145.0,0.38,1.17
KARPUZ,2014,Fall,0.4,886.0,4.24,7.05,43760.0,215145.0,0.38,0.38
KARPUZ,2014,Fall,0.4,886.0,4.24,9.14,43760.0,215145.0,0.4,0.38
KARPUZ,2014,Fall,0.4,886.0,4.24,9.34,43760.0,215145.0,0.4,0.38
KARPUZ,2014,Fall,0.4,886.0,4.24,8.99,43760.0,215145.0,0.4,0.38
KARPUZ,2015,Spring,1.45,903.33,3.93,7.65,40950.0,204193.0,0.4,0.4
KARPUZ,2015,Spring,1.45,903.33,3.93,7.87,40950.0,204193.0,1.45,0.4
KARPUZ,2015,Spring,1.45,903.33,3.93,7.05,40950.0,204193.0,1.45,0.4
KARPUZ,2015,Spring,1.45,903.33,3.93,7.88,40950.0,204193.0,1.45,0.4
KARPUZ,2015,Summer,0.34,903.33,3.9,7.65,40950.0,204193.0,1.45,1.45
KARPUZ,2015,Summer,0.34,903.33,3.9,7.87,40950.0,204193.0,0.34,1.45
KARPUZ,2015,Summer,0.34,903.33,3.9,7.05,40950.0,204193.0,0.34,1.45
KARPUZ,2015,Summer,0.34,903.33,3.9,7.88,40950.0,204193.0,0.34,1.45
KARPUZ,2015,Fall,0.51,903.33,3.84,7.65,40950.0,204193.0,0.34,0.34
KARPUZ,2015,Fall,0.51,903.33,3.84,7.87,40950.0,204193.0,0.51,0.34
KARPUZ,2015,Fall,0.51,903.33,3.84,7.05,40950.0,204193.0,0.51,0.34
KARPUZ,2015,Fall,0.51,903.33,3.84,7.88,40950.0,204193.0,0.51,0.34
KARPUZ,2016,Winter,2.25,822.67,3.78,9.06,40110.0,187345.0,0.51,0.51
KARPUZ,2016,Winter,2.25,822.67,3.78,6.87,40110.0,187345.0,2.25,0.51
KARPUZ,2016,Winter,2.25,822.67,3.78,8.16,40110.0,187345.0,2.25,0.51
KARPUZ,2016,Winter,2.25,822.67,3.78,7.15,40110.0,187345.0,2.25,0.51
KARPUZ,2016,Spring,1.48,822.67,3.63,9.06,40110.0,187345.0,2.25,2.25
KARPUZ,2016,Spring,1.48,822.67,3.63,6.87,40110.0,187345.0,1.48,2.25
KARPUZ,2016,Spring,1.48,822.67,3.63,8.16,40110.0,187345.0,1.48,2.25
KARPUZ,2016,Spring,1.48,822.67,3.63,7.15,40110.0,187345.0,1.48,2.25
KARPUZ,2016,Summer,0.56,822.67,3.79,9.06,40110.0,187345.0,1.48,1.48
KARPUZ,2016,Summer,0.56,822.67,3.79,6.87,40110.0,187345.0,0.56,1.48
KARPUZ,2016,Summer,0.56,822.67,3.79,8.16,40110.0,187345.0,0.56,1.48
KARPUZ,2016,Summer,0.56,822.67,3.79,7.15,40110.0,187345.0,0.56,1.48
KARPUZ,2016,Fall,0.43,822.67,4.13,9.06,40110.0,187345.0,0.56,0.56
KARPUZ,2016,Fall,0.43,822.67,4.13,6.87,40110.0,187345.0,0.43,0.56
KARPUZ,2016,Fall,0.43,822.67,4.13,8.16,40110.0,187345.0,0.43,0.56
KARPUZ,2016,Fall,0.43,822.67,4.13,7.15,40110.0,187345.0,0.43,0.56
KARPUZ,2017,Spring,2.26,906.33,4.55,9.3,39070.0,183110.0,0.43,0.43
KARPUZ,2017,Spring,2.26,906.33,4.55,11.63,39070.0,183110.0,2.26,0.43
KARPUZ,2017,Spring,2.26,906.33,4.55,10.45,39070.0,183110.0,2.26,0.43
KARPUZ,2017,Spring,2.26,906.33,4.55,12.03,39070.0,183110.0,2.26,0.43
KARPUZ,2017,Summer,0.52,906.33,4.48,9.3,39070.0,183110.0,2.26,2.26
KARPUZ,2017,Summer,0.52,906.33,4.48,11.63,39070.0,183110.0,0.52,2.26
KARPUZ,2017,Summer,0.52,906.33,4.48,10.45,39070.0,183110.0,0.52,2.26
KARPUZ,2017,Summer,0.52,906.33,4.48,12.03,39070.0,183110.0,0.52,2.26
KARPUZ,2017,Fall,0.48,906.33,4.83,9.3,39070.0,183110.0,0.52,0.52
KARPUZ,2017,Fall,0.48,906.33,4.83,11.63,39070.0,183110.0,0.48,0.52
KARPUZ,2017,Fall,0.48,906.33,4.83,10.45,39070.0,183110.0,0.48,0.52
KARPUZ,2017,Fall,0.48,906.33,4.83,12.03,39070.0,183110.0,0.48,0.52
KARPUZ,2018,Winter,2.94,1217.33,5.4,10.83,28040.0,139475.0,0.48,0.48
KARPUZ,2018,Winter,2.94,1217.33,5.4,11.08,28040.0,139475.0,2.94,0.48
KARPUZ,2018,Winter,2.94,1217.33,5.4,16.38,28040.0,139475.0,2.94,0.48
KARPUZ,2018,Winter,2.94,1217.33,5.4,23.78,28040.0,139475.0,2.94,0.48
KARPUZ,2018,Spring,1.93,1217.33,5.46,10.83,28040.0,139475.0,2.94,2.94
KARPUZ,2018,Spring,1.93,1217.33,5.46,11.08,28040.0,139475.0,1.93,2.94
KARPUZ,2018,Spring,1.93,1217.33,5.46,16.38,28040.0,139475.0,1.93,2.94
KARPUZ,2018,Spring,1.93,1217.33,5.46,23.78,28040.0,139475.0,1.93,2.94
KARPUZ,2018,Summer,0.71,1217.33,5.81,10.83,28040.0,139475.0,1.93,1.93
KARPUZ,2018,Summer,0.71,1217.33,5.81,11.08,28040.0,139475.0,0.71,1.93
KARPUZ,2018,Summer,0.71,1217.33,5.81,16.38,28040.0,139475.0,0.71,1.93
KARPUZ,2018,Summer,0.71,1217.33,5.81,23.78,28040.0,139475.0,0.71,1.93
KARPUZ,2018,Fall,1.41,1217.33,6.34,10.83,28040.0,139475.0,0.71,0.71
KARPUZ,2018,Fall,1.41,1217.33,6.34,11.08,28040.0,139475.0,1.41,0.71
KARPUZ,2018,Fall,1.41,1217.33,6.34,16.38,28040.0,139475.0,1.41,0.71
KARPUZ,2018,Fall,1.41,1217.33,6.34,23.78,28040.0,139475.0,1.41,0.71
KARPUZ,2019,Winter,2.9,1486.33,6.22,20.11,24790.0,122232.0,1.41,1.41
KARPUZ,2019,Winter,2.9,1486.33,6.22,19.3,24790.0,122232.0,2.9,1.41
KARPUZ,2019,Winter,2.9,1486.33,6.22,15.79,24790.0,122232.0,2.9,1.41
KARPUZ,2019,Winter,2.9,1486.33,6.22,9.46,24790.0,122232.0,2.9,1.41
KARPUZ,2019,Spring,2.72,1486.33,6.44,20.11,24790.0,122232.0,2.9,2.9
KARPUZ,2019,Spring,2.72,1486.33,6.44,19.3,24790.0,122232.0,2.72,2.9
KARPUZ,2019,Spring,2.72,1486.33,6.44,15.79,24790.0,122232.0,2.72,2.9
KARPUZ,2019,Spring,2.72,1486.33,6.44,9.46,24790.0,122232.0,2.72,2.9
KARPUZ,2019,Summer,0.76,1486.33,6.38,20.11,24790.0,122232.0,2.72,2.72
KARPUZ,2019,Summer,0.76,1486.33,6.38,19.3,24790.0,122232.0,0.76,2.72
KARPUZ,2019,Summer,0.76,1486.33,6.38,15.79,24790.0,122232.0,0.76,2.72
KARPUZ,2019,Summer,0.76,1486.33,6.38,9.46,24790.0,122232.0,0.76,2.72
KARPUZ,2019,Fall,0.67,1486.33,6.53,20.11,24790.0,122232.0,0.76,0.76
KARPUZ,2019,Fall,0.67,1486.33,6.53,19.3,24790.0,122232.0,0.67,0.76
KARPUZ,2019,Fall,0.67,1486.33,6.53,15.79,24790.0,122232.0,0.67,0.76
KARPUZ,2019,Fall,0.67,1486.33,6.53,9.46,24790.0,122232.0,0.67,0.76
KARPUZ,2020,Spring,4.39,2226.67,5.51,12.12,7880.0,30428.0,0.67,0.67
KARPUZ,2020,Spring,4.39,2226.67,5.51,11.39,7880.0,30428.0,4.39,0.67
KARPUZ,2020,Spring,4.39,2226.67,5.51,12.05,7880.0,30428.0,4.39,0.67
KARPUZ,2020,Spring,4.39,2226.67,5.51,12.56,7880.0,30428.0,4.39,0.67
KARPUZ,2020,Summer,0.99,2226.67,5.98,12.12,7880.0,30428.0,4.39,4.39
KARPUZ,2020,Summer,0.99,2226.67,5.98,11.39,7880.0,30428.0,0.99,4.39
KARPUZ,2020,Summer,0.99,2226.67,5.98,12.05,7880.0,30428.0,0.99,4.39
KARPUZ,2020,Summer,0.99,2226.67,5.98,12.56,7880.0,30428.0,0.99,4.39
KARPUZ,2020,Fall,1.2,2226.67,6.2,12.12,7880.0,30428.0,0.99,0.99
KARPUZ,2020,Fall,1.2,2226.67,6.2,11.39,7880.0,30428.0,1.2,0.99
KARPUZ,2020,Fall,1.2,2226.67,6.2,12.05,7880.0,30428.0,1.2,0.99
KARPUZ,2020,Fall,1.2,2226.67,6.2,12.56,7880.0,30428.0,1.2,0.99
KARPUZ,2021,Spring,4.35,6709.0,6.69,15.06,7248.0,30101.0,1.2,1.2
KARPUZ,2021,Spring,4.35,6709.0,6.69,16.64,7248.0,30101.0,4.35,1.2
KARPUZ,2021,Spring,4.35,6709.0,6.69,18.58,7248.0,30101.0,4.35,1.2
KARPUZ,2021,Spring,4.35,6709.0,6.69,20.27,7248.0,30101.0,4.35,1.2
KARPUZ,2021,Summer,1.14,6709.0,7.34,15.06,7248.0,30101.0,4.35,4.35
KARPUZ,2021,Summer,1.14,6709.0,7.34,16.64,7248.0,30101.0,1.14,4.35
KARPUZ,2021,Summer,1.14,6709.0,7.34,18.58,7248.0,30101.0,1.14,4.35
KARPUZ,2021,Summer,1.14,6709.0,7.34,20.27,7248.0,30101.0,1.14,4.35
KARPUZ,2021,Fall,1.23,6709.0,7.99,15.06,7248.0,30101.0,1.14,1.14
KARPUZ,2021,Fall,1.23,6709.0,7.99,16.64,7248.0,30101.0,1.23,1.14
KARPUZ,2021,Fall,1.23,6709.0,7.99,18.58,7248.0,30101.0,1.23,1.14
KARPUZ,2021,Fall,1.23,6709.0,7.99,20.27,7248.0,30101.0,1.23,1.14
KARPUZ,2022,Winter,3.92,15353.33,17.3,46.48,10007.0,42520.0,1.23,1.23
KARPUZ,2022,Winter,3.92,15353.33,17.3,68.26,10007.0,42520.0,3.92,1.23
KARPUZ,2022,Winter,3.92,15353.33,17.3,79.48,10007.0,42520.0,3.92,1.23
KARPUZ,2022,Winter,3.92,15353.33,17.3,84.46,10007.0,42520.0,3.92,1.23
KARPUZ,2022,Spring,8.41,15353.33,21.62,46.48,10007.0,42520.0,3.92,3.92
KARPUZ,2022,Spring,8.41,15353.33,21.62,68.26,10007.0,42520.0,8.41,3.92
KARPUZ,2022,Spring,8.41,15353.33,21.62,79.48,10007.0,42520.0,8.41,3.92
KARPUZ,2022,Spring,8.41,15353.33,21.62,84.46,10007.0,42520.0,8.41,3.92
KARPUZ,2022,Summer,3.61,15353.33,26.18,46.48,10007.0,42520.0,8.41,8.41
KARPUZ,2022,Summer,3.61,15353.33,26.18,68.26,10007.0,42520.0,3.61,8.41
KARPUZ,2022,Summer,3.61,15353.33,26.18,79.48,10007.0,42520.0,3.61,8.41
KARPUZ,2022,Summer,3.61,15353.33,26.18,84.46,10007.0,42520.0,3.61,8.41
KARPUZ,2022,Fall,3.44,15353.33,25.49,46.48,10007.0,42520.0,3.61,3.61
KARPUZ,2022,Fall,3.44,15353.33,25.49,68.26,10007.0,42520.0,3.44,3.61
KARPUZ,2022,Fall,3.44,15353.33,25.49,79.48,10007.0,42520.0,3.44,3.61
KARPUZ,2022,Fall,3.44,15353.33,25.49,84.46,10007.0,42520.0,3.44,3.61
KARPUZ,2023,Winter,13.21,10488.0,27.43,58.8,7436.0,30616.0,3.44,3.44
KARPUZ,2023,Winter,13.21,10488.0,27.43,44.41,7436.0,30616.0,13.21,3.44
KARPUZ,2023,Winter,13.21,10488.0,27.43,48.46,7436.0,30616.0,13.21,3.44
KARPUZ,2023,Winter,13.21,10488.0,27.43,61.63,7436.0,30616.0,13.21,3.44
KARPUZ,2023,Spring,13.69,10488.0,20.55,58.8,7436.0,30616.0,13.21,13.21
KARPUZ,2023,Spring,13.69,10488.0,20.55,44.41,7436.0,30616.0,13.69,13.21
KARPUZ,2023,Spring,13.69,10488.0,20.55,48.46,7436.0,30616.0,13.69,13.21
KARPUZ,2023,Spring,13.69,10488.0,20.55,61.63,7436.0,30616.0,13.69,13.21
KARPUZ,2023,Summer,8.23,10488.0,30.3,58.8,7436.0,30616.0,13.69,13.69
KARPUZ,2023,Summer,8.23,10488.0,30.3,44.41,7436.0,30616.0,8.23,13.69
KARPUZ,2023,Summer,8.23,10488.0,30.3,48.46,7436.0,30616.0,8.23,13.69
KARPUZ,2023,Summer,8.23,10488.0,30.3,61.63,7436.0,30616.0,8.23,13.69
KARPUZ,2023,Fall,7.96,10488.0,39.39,58.8,7436.0,30616.0,8.23,8.23
KARPUZ,2023,Fall,7.96,10488.0,39.39,44.41,7436.0,30616.0,7.96,8.23
KARPUZ,2023,Fall,7.96,10488.0,39.39,48.46,7436.0,30616.0,7.96,8.23
KARPUZ,2023,Fall,7.96,10488.0,39.39,61.63,7436.0,30616.0,7.96,8.23
KARPUZ,2024,Winter,16.66,11266.67,42.89,65.6,8339.0,33645.0,7.96,7.96
KARPUZ,2024,Winter,16.66,11266.67,42.89,71.27,8339.0,33645.0,16.66,7.96
KARPUZ,2024,Winter,16.66,11266.67,42.89,61.2,8339.0,33645.0,16.66,7.96
KARPUZ,2024,Winter,16.66,11266.67,42.89,48.33,8339.0,33645.0,16.66,7.96
KARPUZ,2024,Spring,20.39,11266.67,42.39,65.6,8339.0,33645.0,16.66,16.66
KARPUZ,2024,Spring,20.39,11266.67,42.39,71.27,8339.0,33645.0,20.39,16.66
KARPUZ,2024,Spring,20.39,11266.67,42.39,61.2,8339.0,33645.0,20.39,16.66
KARPUZ,2024,Spring,20.39,11266.67,42.39,48.33,8339.0,33645.0,20.39,16.66
KARPUZ,2024,Summer,14.33,11266.67,44.12,65.6,8339.0,33645.0,20.39,20.39
KARPUZ,2024,Summer,14.33,11266.67,44.12,71.27,8339.0,33645.0,14.33,20.39
KARPUZ,2024,Summer,14.33,11266.67,44.12,61.2,8339.0,33645.0,14.33,20.39
KARPUZ,2024,Summer,14.33,11266.67,44.12,48.33,8339.0,33645.0,14.33,20.39
KARPUZ,2024,Fall,13.77,11266.67,43.82,65.6,8339.0,33645.0,14.33,14.33
KARPUZ,2024,Fall,13.77,11266.67,43.82,71.27,8339.0,33645.0,13.77,14.33
KARPUZ,2024,Fall,13.77,11266.67,43.82,61.2,8339.0,33645.0,13.77,14.33
KARPUZ,2024,Fall,13.77,11266.67,43.82,48.33,8339.0,33645.0,13.77,14.33
KARPUZ,2025,Winter,21.44,14550.0,50.28,41.75,11287.0,50782.0,13.77,13.77
KARPUZ,2025,Winter,21.44,14550.0,50.28,37.09,11287.0,50782.0,21.44,13.77
KARPUZ,2025,Winter,21.44,14550.0,50.28,33.82,11287.0,50782.0,21.44,13.77
KARPUZ,2025,Winter,21.44,14550.0,50.28,32.39,11287.0,50782.0,21.44,13.77
KARPUZ,2025,Spring,26.44,14550.0,46.68,41.75,11287.0,50782.0,21.44,21.44
KARPUZ,2025,Spring,26.44,14550.0,46.68,37.09,11287.0,50782.0,26.44,21.44
KARPUZ,2025,Spring,26.44,14550.0,46.68,33.82,11287.0,50782.0,26.44,21.44
KARPUZ,2025,Spring,26.44,14550.0,46.68,32.39,11287.0,50782.0,26.44,21.44
KARPUZ,2025,Summer,13.18,14550.0,52.69,41.75,11287.0,50782.0,26.44,26.44
KARPUZ,2025,Summer,13.18,14550.0,52.69,37.09,11287.0,50782.0,13.18,26.44
KARPUZ,2025,Summer,13.18,14550.0,52.69,33.82,11287.0,50782.0,13.18,26.44
KARPUZ,2025,Summer,13.18,14550.0,52.69,32.39,11287.0,50782.0,13.18,26.44
KARPUZ,2025,Fall,14.37,14550.0,56.39,41.75,11287.0,50782.0,13.18,13.18
KARPUZ,2025,Fall,14.37,14550.0,56.39,37.09,11287.0,50782.0,14.37,13.18
KARPUZ,2025,Fall,14.37,14550.0,56.39,33.82,11287.0,50782.0,14.37,13.18
KARPUZ,2025,Fall,14.37,14550.0,56.39,32.39,11287.0,50782.0,14.37,13.18
KARPUZ,2026,Winter,30.08,,58.1,28.72,,,14.37,14.37
KARPUZ,2026,Spring,50.31,,71.54,28.72,,,30.08,14.37
KARPUZ,2026,Summer,17.52,,66.72,28.72,,,50.31,14.37
PATLICAN UZUN,2014,Winter,2.34,886.0,4.33,7.05,7329.0,22221.0,2.34,2.34
PATLICAN UZUN,2014,Winter,2.34,886.0,4.33,9.14,7329.0,22221.0,2.34,2.34
PATLICAN UZUN,2014,Winter,2.34,886.0,4.33,9.34,7329.0,22221.0,2.34,2.34
PATLICAN UZUN,2014,Winter,2.34,886.0,4.33,8.99,7329.0,22221.0,2.34,2.34
PATLICAN UZUN,2014,Spring,1.58,886.0,4.58,7.05,7329.0,22221.0,2.34,2.34
PATLICAN UZUN,2014,Spring,1.58,886.0,4.58,9.14,7329.0,22221.0,1.58,2.34
PATLICAN UZUN,2014,Spring,1.58,886.0,4.58,9.34,7329.0,22221.0,1.58,2.34
PATLICAN UZUN,2014,Spring,1.58,886.0,4.58,8.99,7329.0,22221.0,1.58,2.34
PATLICAN UZUN,2014,Summer,0.8,886.0,4.38,7.05,7329.0,22221.0,1.58,1.58
PATLICAN UZUN,2014,Summer,0.8,886.0,4.38,9.14,7329.0,22221.0,0.8,1.58
PATLICAN UZUN,2014,Summer,0.8,886.0,4.38,9.34,7329.0,22221.0,0.8,1.58
PATLICAN UZUN,2014,Summer,0.8,886.0,4.38,8.99,7329.0,22221.0,0.8,1.58
PATLICAN UZUN,2014,Fall,1.06,886.0,4.24,7.05,7329.0,22221.0,0.8,0.8
PATLICAN UZUN,2014,Fall,1.06,886.0,4.24,9.14,7329.0,22221.0,1.06,0.8
PATLICAN UZUN,2014,Fall,1.06,886.0,4.24,9.34,7329.0,22221.0,1.06,0.8
PATLICAN UZUN,2014,Fall,1.06,886.0,4.24,8.99,7329.0,22221.0,1.06,0.8
PATLICAN UZUN,2015,Winter,2.31,903.33,3.66,7.65,6050.0,18084.0,1.06,1.06
PATLICAN UZUN,2015,Winter,2.31,903.33,3.66,7.87,6050.0,18084.0,2.31,1.06
PATLICAN UZUN,2015,Winter,2.31,903.33,3.66,7.05,6050.0,18084.0,2.31,1.06
PATLICAN UZUN,2015,Winter,2.31,903.33,3.66,7.88,6050.0,18084.0,2.31,1.06
PATLICAN UZUN,2015,Spring,1.84,903.33,3.93,7.65,6050.0,18084.0,2.31,2.31
PATLICAN UZUN,2015,Spring,1.84,903.33,3.93,7.87,6050.0,18084.0,1.84,2.31
PATLICAN UZUN,2015,Spring,1.84,903.33,3.93,7.05,6050.0,18084.0,1.84,2.31
PATLICAN UZUN,2015,Spring,1.84,903.33,3.93,7.88,6050.0,18084.0,1.84,2.31
PATLICAN UZUN,2015,Summer,0.99,903.33,3.9,7.65,6050.0,18084.0,1.84,1.84
PATLICAN UZUN,2015,Summer,0.99,903.33,3.9,7.87,6050.0,18084.0,0.99,1.84
PATLICAN UZUN,2015,Summer,0.99,903.33,3.9,7.05,6050.0,18084.0,0.99,1.84
PATLICAN UZUN,2015,Summer,0.99,903.33,3.9,7.88,6050.0,18084.0,0.99,1.84
PATLICAN UZUN,2015,Fall,1.2,903.33,3.84,7.65,6050.0,18084.0,0.99,0.99
PATLICAN UZUN,2015,Fall,1.2,903.33,3.84,7.87,6050.0,18084.0,1.2,0.99
PATLICAN UZUN,2015,Fall,1.2,903.33,3.84,7.05,6050.0,18084.0,1.2,0.99
PATLICAN UZUN,2015,Fall,1.2,903.33,3.84,7.88,6050.0,18084.0,1.2,0.99
PATLICAN UZUN,2016,Winter,2.19,822.67,3.78,9.06,6285.0,18909.0,1.2,1.2
PATLICAN UZUN,2016,Winter,2.19,822.67,3.78,6.87,6285.0,18909.0,2.19,1.2
PATLICAN UZUN,2016,Winter,2.19,822.67,3.78,8.16,6285.0,18909.0,2.19,1.2
PATLICAN UZUN,2016,Winter,2.19,822.67,3.78,7.15,6285.0,18909.0,2.19,1.2
PATLICAN UZUN,2016,Spring,1.25,822.67,3.63,9.06,6285.0,18909.0,2.19,2.19
PATLICAN UZUN,2016,Spring,1.25,822.67,3.63,6.87,6285.0,18909.0,1.25,2.19
PATLICAN UZUN,2016,Spring,1.25,822.67,3.63,8.16,6285.0,18909.0,1.25,2.19
PATLICAN UZUN,2016,Spring,1.25,822.67,3.63,7.15,6285.0,18909.0,1.25,2.19
PATLICAN UZUN,2016,Summer,0.88,822.67,3.79,9.06,6285.0,18909.0,1.25,1.25
PATLICAN UZUN,2016,Summer,0.88,822.67,3.79,6.87,6285.0,18909.0,0.88,1.25
PATLICAN UZUN,2016,Summer,0.88,822.67,3.79,8.16,6285.0,18909.0,0.88,1.25
PATLICAN UZUN,2016,Summer,0.88,822.67,3.79,7.15,6285.0,18909.0,0.88,1.25
PATLICAN UZUN,2016,Fall,1.16,822.67,4.13,9.06,6285.0,18909.0,0.88,0.88
PATLICAN UZUN,2016,Fall,1.16,822.67,4.13,6.87,6285.0,18909.0,1.16,0.88
PATLICAN UZUN,2016,Fall,1.16,822.67,4.13,8.16,6285.0,18909.0,1.16,0.88
PATLICAN UZUN,2016,Fall,1.16,822.67,4.13,7.15,6285.0,18909.0,1.16,0.88
PATLICAN UZUN,2017,Winter,2.97,906.33,4.81,9.3,6846.0,20947.0,1.16,1.16
PATLICAN UZUN,2017,Winter,2.97,906.33,4.81,11.63,6846.0,20947.0,2.97,1.16
PATLICAN UZUN,2017,Winter,2.97,906.33,4.81,10.45,6846.0,20947.0,2.97,1.16
PATLICAN UZUN,2017,Winter,2.97,906.33,4.81,12.03,6846.0,20947.0,2.97,1.16
PATLICAN UZUN,2017,Spring,1.91,906.33,4.55,9.3,6846.0,20947.0,2.97,2.97
PATLICAN UZUN,2017,Spring,1.91,906.33,4.55,11.63,6846.0,20947.0,1.91,2.97
PATLICAN UZUN,2017,Spring,1.91,906.33,4.55,10.45,6846.0,20947.0,1.91,2.97
PATLICAN UZUN,2017,Spring,1.91,906.33,4.55,12.03,6846.0,20947.0,1.91,2.97
PATLICAN UZUN,2017,Summer,1.05,906.33,4.48,9.3,6846.0,20947.0,1.91,1.91
PATLICAN UZUN,2017,Summer,1.05,906.33,4.48,11.63,6846.0,20947.0,1.05,1.91
PATLICAN UZUN,2017,Summer,1.05,906.33,4.48,10.45,6846.0,20947.0,1.05,1.91
PATLICAN UZUN,2017,Summer,1.05,906.33,4.48,12.03,6846.0,20947.0,1.05,1.91
PATLICAN UZUN,2017,Fall,1.57,906.33,4.83,9.3,6846.0,20947.0,1.05,1.05
PATLICAN UZUN,2017,Fall,1.57,906.33,4.83,11.63,6846.0,20947.0,1.57,1.05
PATLICAN UZUN,2017,Fall,1.57,906.33,4.83,10.45,6846.0,20947.0,1.57,1.05
PATLICAN UZUN,2017,Fall,1.57,906.33,4.83,12.03,6846.0,20947.0,1.57,1.05
PATLICAN UZUN,2018,Winter,2.41,1217.33,5.4,10.83,5992.0,18534.0,1.57,1.57
PATLICAN UZUN,2018,Winter,2.41,1217.33,5.4,11.08,5992.0,18534.0,2.41,1.57
PATLICAN UZUN,2018,Winter,2.41,1217.33,5.4,16.38,5992.0,18534.0,2.41,1.57
PATLICAN UZUN,2018,Winter,2.41,1217.33,5.4,23.78,5992.0,18534.0,2.41,1.57
PATLICAN UZUN,2018,Spring,1.71,1217.33,5.46,10.83,5992.0,18534.0,2.41,2.41
PATLICAN UZUN,2018,Spring,1.71,1217.33,5.46,11.08,5992.0,18534.0,1.71,2.41
PATLICAN UZUN,2018,Spring,1.71,1217.33,5.46,16.38,5992.0,18534.0,1.71,2.41
PATLICAN UZUN,2018,Spring,1.71,1217.33,5.46,23.78,5992.0,18534.0,1.71,2.41
PATLICAN UZUN,2018,Summer,1.22,1217.33,5.81,10.83,5992.0,18534.0,1.71,1.71
PATLICAN UZUN,2018,Summer,1.22,1217.33,5.81,11.08,5992.0,18534.0,1.22,1.71
PATLICAN UZUN,2018,Summer,1.22,1217.33,5.81,16.38,5992.0,18534.0,1.22,1.71
PATLICAN UZUN,2018,Summer,1.22,1217.33,5.81,23.78,5992.0,18534.0,1.22,1.71
PATLICAN UZUN,2018,Fall,2.01,1217.33,6.34,10.83,5992.0,18534.0,1.22,1.22
PATLICAN UZUN,2018,Fall,2.01,1217.33,6.34,11.08,5992.0,18534.0,2.01,1.22
PATLICAN UZUN,2018,Fall,2.01,1217.33,6.34,16.38,5992.0,18534.0,2.01,1.22
PATLICAN UZUN,2018,Fall,2.01,1217.33,6.34,23.78,5992.0,18534.0,2.01,1.22
PATLICAN UZUN,2019,Winter,4.94,1486.33,6.22,20.11,6476.0,19831.0,2.01,2.01
PATLICAN UZUN,2019,Winter,4.94,1486.33,6.22,19.3,6476.0,19831.0,4.94,2.01
PATLICAN UZUN,2019,Winter,4.94,1486.33,6.22,15.79,6476.0,19831.0,4.94,2.01
PATLICAN UZUN,2019,Winter,4.94,1486.33,6.22,9.46,6476.0,19831.0,4.94,2.01
PATLICAN UZUN,2019,Spring,3.66,1486.33,6.44,20.11,6476.0,19831.0,4.94,4.94
PATLICAN UZUN,2019,Spring,3.66,1486.33,6.44,19.3,6476.0,19831.0,3.66,4.94
PATLICAN UZUN,2019,Spring,3.66,1486.33,6.44,15.79,6476.0,19831.0,3.66,4.94
PATLICAN UZUN,2019,Spring,3.66,1486.33,6.44,9.46,6476.0,19831.0,3.66,4.94
PATLICAN UZUN,2019,Summer,1.3,1486.33,6.38,20.11,6476.0,19831.0,3.66,3.66
PATLICAN UZUN,2019,Summer,1.3,1486.33,6.38,19.3,6476.0,19831.0,1.3,3.66
PATLICAN UZUN,2019,Summer,1.3,1486.33,6.38,15.79,6476.0,19831.0,1.3,3.66
PATLICAN UZUN,2019,Summer,1.3,1486.33,6.38,9.46,6476.0,19831.0,1.3,3.66
PATLICAN UZUN,2019,Fall,1.52,1486.33,6.53,20.11,6476.0,19831.0,1.3,1.3
PATLICAN UZUN,2019,Fall,1.52,1486.33,6.53,19.3,6476.0,19831.0,1.52,1.3
PATLICAN UZUN,2019,Fall,1.52,1486.33,6.53,15.79,6476.0,19831.0,1.52,1.3
PATLICAN UZUN,2019,Fall,1.52,1486.33,6.53,9.46,6476.0,19831.0,1.52,1.3
PATLICAN UZUN,2020,Winter,3.79,2226.67,6.61,12.12,5515.0,18219.0,1.52,1.52
PATLICAN UZUN,2020,Winter,3.79,2226.67,6.61,11.39,5515.0,18219.0,3.79,1.52
PATLICAN UZUN,2020,Winter,3.79,2226.67,6.61,12.05,5515.0,18219.0,3.79,1.52
PATLICAN UZUN,2020,Winter,3.79,2226.67,6.61,12.56,5515.0,18219.0,3.79,1.52
PATLICAN UZUN,2020,Spring,2.96,2226.67,5.51,12.12,5515.0,18219.0,3.79,3.79
PATLICAN UZUN,2020,Spring,2.96,2226.67,5.51,11.39,5515.0,18219.0,2.96,3.79
PATLICAN UZUN,2020,Spring,2.96,2226.67,5.51,12.05,5515.0,18219.0,2.96,3.79
PATLICAN UZUN,2020,Spring,2.96,2226.67,5.51,12.56,5515.0,18219.0,2.96,3.79
PATLICAN UZUN,2020,Summer,2.13,2226.67,5.98,12.12,5515.0,18219.0,2.96,2.96
PATLICAN UZUN,2020,Summer,2.13,2226.67,5.98,11.39,5515.0,18219.0,2.13,2.96
PATLICAN UZUN,2020,Summer,2.13,2226.67,5.98,12.05,5515.0,18219.0,2.13,2.96
PATLICAN UZUN,2020,Summer,2.13,2226.67,5.98,12.56,5515.0,18219.0,2.13,2.96
PATLICAN UZUN,2020,Fall,2.27,2226.67,6.2,12.12,5515.0,18219.0,2.13,2.13
PATLICAN UZUN,2020,Fall,2.27,2226.67,6.2,11.39,5515.0,18219.0,2.27,2.13
PATLICAN UZUN,2020,Fall,2.27,2226.67,6.2,12.05,5515.0,18219.0,2.27,2.13
PATLICAN UZUN,2020,Fall,2.27,2226.67,6.2,12.56,5515.0,18219.0,2.27,2.13
PATLICAN UZUN,2021,Winter,4.23,6709.0,8.1,15.06,3190.0,11347.0,2.27,2.27
PATLICAN UZUN,2021,Winter,4.23,6709.0,8.1,16.64,3190.0,11347.0,4.23,2.27
PATLICAN UZUN,2021,Winter,4.23,6709.0,8.1,18.58,3190.0,11347.0,4.23,2.27
PATLICAN UZUN,2021,Winter,4.23,6709.0,8.1,20.27,3190.0,11347.0,4.23,2.27
PATLICAN UZUN,2021,Spring,3.42,6709.0,6.69,15.06,3190.0,11347.0,4.23,4.23
PATLICAN UZUN,2021,Spring,3.42,6709.0,6.69,16.64,3190.0,11347.0,3.42,4.23
PATLICAN UZUN,2021,Spring,3.42,6709.0,6.69,18.58,3190.0,11347.0,3.42,4.23
PATLICAN UZUN,2021,Spring,3.42,6709.0,6.69,20.27,3190.0,11347.0,3.42,4.23
PATLICAN UZUN,2021,Summer,2.41,6709.0,7.34,15.06,3190.0,11347.0,3.42,3.42
PATLICAN UZUN,2021,Summer,2.41,6709.0,7.34,16.64,3190.0,11347.0,2.41,3.42
PATLICAN UZUN,2021,Summer,2.41,6709.0,7.34,18.58,3190.0,11347.0,2.41,3.42
PATLICAN UZUN,2021,Summer,2.41,6709.0,7.34,20.27,3190.0,11347.0,2.41,3.42
PATLICAN UZUN,2021,Fall,3.87,6709.0,7.99,15.06,3190.0,11347.0,2.41,2.41
PATLICAN UZUN,2021,Fall,3.87,6709.0,7.99,16.64,3190.0,11347.0,3.87,2.41
PATLICAN UZUN,2021,Fall,3.87,6709.0,7.99,18.58,3190.0,11347.0,3.87,2.41
PATLICAN UZUN,2021,Fall,3.87,6709.0,7.99,20.27,3190.0,11347.0,3.87,2.41
PATLICAN UZUN,2022,Winter,11.12,15353.33,17.3,46.48,2878.0,10433.0,3.87,3.87
PATLICAN UZUN,2022,Winter,11.12,15353.33,17.3,68.26,2878.0,10433.0,11.12,3.87
PATLICAN UZUN,2022,Winter,11.12,15353.33,17.3,79.48,2878.0,10433.0,11.12,3.87
PATLICAN UZUN,2022,Winter,11.12,15353.33,17.3,84.46,2878.0,10433.0,11.12,3.87
PATLICAN UZUN,2022,Spring,11.77,15353.33,21.62,46.48,2878.0,10433.0,11.12,11.12
PATLICAN UZUN,2022,Spring,11.77,15353.33,21.62,68.26,2878.0,10433.0,11.77,11.12
PATLICAN UZUN,2022,Spring,11.77,15353.33,21.62,79.48,2878.0,10433.0,11.77,11.12
PATLICAN UZUN,2022,Spring,11.77,15353.33,21.62,84.46,2878.0,10433.0,11.77,11.12
PATLICAN UZUN,2022,Summer,6.25,15353.33,26.18,46.48,2878.0,10433.0,11.77,11.77
PATLICAN UZUN,2022,Summer,6.25,15353.33,26.18,68.26,2878.0,10433.0,6.25,11.77
PATLICAN UZUN,2022,Summer,6.25,15353.33,26.18,79.48,2878.0,10433.0,6.25,11.77
PATLICAN UZUN,2022,Summer,6.25,15353.33,26.18,84.46,2878.0,10433.0,6.25,11.77
PATLICAN UZUN,2022,Fall,9.76,15353.33,25.49,46.48,2878.0,10433.0,6.25,6.25
PATLICAN UZUN,2022,Fall,9.76,15353.33,25.49,68.26,2878.0,10433.0,9.76,6.25
PATLICAN UZUN,2022,Fall,9.76,15353.33,25.49,79.48,2878.0,10433.0,9.76,6.25
PATLICAN UZUN,2022,Fall,9.76,15353.33,25.49,84.46,2878.0,10433.0,9.76,6.25
PATLICAN UZUN,2023,Winter,14.57,10488.0,27.43,58.8,3379.0,12438.0,9.76,9.76
PATLICAN UZUN,2023,Winter,14.57,10488.0,27.43,44.41,3379.0,12438.0,14.57,9.76
PATLICAN UZUN,2023,Winter,14.57,10488.0,27.43,48.46,3379.0,12438.0,14.57,9.76
PATLICAN UZUN,2023,Winter,14.57,10488.0,27.43,61.63,3379.0,12438.0,14.57,9.76
PATLICAN UZUN,2023,Spring,14.25,10488.0,20.55,58.8,3379.0,12438.0,14.57,14.57
PATLICAN UZUN,2023,Spring,14.25,10488.0,20.55,44.41,3379.0,12438.0,14.25,14.57
PATLICAN UZUN,2023,Spring,14.25,10488.0,20.55,48.46,3379.0,12438.0,14.25,14.57
PATLICAN UZUN,2023,Spring,14.25,10488.0,20.55,61.63,3379.0,12438.0,14.25,14.57
PATLICAN UZUN,2023,Summer,16.08,10488.0,30.3,58.8,3379.0,12438.0,14.25,14.25
PATLICAN UZUN,2023,Summer,16.08,10488.0,30.3,44.41,3379.0,12438.0,16.08,14.25
PATLICAN UZUN,2023,Summer,16.08,10488.0,30.3,48.46,3379.0,12438.0,16.08,14.25
PATLICAN UZUN,2023,Summer,16.08,10488.0,30.3,61.63,3379.0,12438.0,16.08,14.25
PATLICAN UZUN,2023,Fall,16.38,10488.0,39.39,58.8,3379.0,12438.0,16.08,16.08
PATLICAN UZUN,2023,Fall,16.38,10488.0,39.39,44.41,3379.0,12438.0,16.38,16.08
PATLICAN UZUN,2023,Fall,16.38,10488.0,39.39,48.46,3379.0,12438.0,16.38,16.08
PATLICAN UZUN,2023,Fall,16.38,10488.0,39.39,61.63,3379.0,12438.0,16.38,16.08
PATLICAN UZUN,2024,Winter,24.68,11266.67,42.89,65.6,4242.0,18092.0,16.38,16.38
PATLICAN UZUN,2024,Winter,24.68,11266.67,42.89,71.27,4242.0,18092.0,24.68,16.38
PATLICAN UZUN,2024,Winter,24.68,11266.67,42.89,61.2,4242.0,18092.0,24.68,16.38
PATLICAN UZUN,2024,Winter,24.68,11266.67,42.89,48.33,4242.0,18092.0,24.68,16.38
PATLICAN UZUN,2024,Spring,20.88,11266.67,42.39,65.6,4242.0,18092.0,24.68,24.68
PATLICAN UZUN,2024,Spring,20.88,11266.67,42.39,71.27,4242.0,18092.0,20.88,24.68
PATLICAN UZUN,2024,Spring,20.88,11266.67,42.39,61.2,4242.0,18092.0,20.88,24.68
PATLICAN UZUN,2024,Spring,20.88,11266.67,42.39,48.33,4242.0,18092.0,20.88,24.68
PATLICAN UZUN,2024,Summer,20.95,11266.67,44.12,65.6,4242.0,18092.0,20.88,20.88
PATLICAN UZUN,2024,Summer,20.95,11266.67,44.12,71.27,4242.0,18092.0,20.95,20.88
PATLICAN UZUN,2024,Summer,20.95,11266.67,44.12,61.2,4242.0,18092.0,20.95,20.88
PATLICAN UZUN,2024,Summer,20.95,11266.67,44.12,48.33,4242.0,18092.0,20.95,20.88
PATLICAN UZUN,2024,Fall,27.71,11266.67,43.82,65.6,4242.0,18092.0,20.95,20.95
PATLICAN UZUN,2024,Fall,27.71,11266.67,43.82,71.27,4242.0,18092.0,27.71,20.95
PATLICAN UZUN,2024,Fall,27.71,11266.67,43.82,61.2,4242.0,18092.0,27.71,20.95
PATLICAN UZUN,2024,Fall,27.71,11266.67,43.82,48.33,4242.0,18092.0,27.71,20.95
PATLICAN UZUN,2025,Winter,43.58,14550.0,50.28,41.75,3381.0,13227.0,27.71,27.71
PATLICAN UZUN,2025,Winter,43.58,14550.0,50.28,37.09,3381.0,13227.0,43.58,27.71
PATLICAN UZUN,2025,Winter,43.58,14550.0,50.28,33.82,3381.0,13227.0,43.58,27.71
PATLICAN UZUN,2025,Winter,43.58,14550.0,50.28,32.39,3381.0,13227.0,43.58,27.71
PATLICAN UZUN,2025,Spring,36.27,14550.0,46.68,41.75,3381.0,13227.0,43.58,43.58
PATLICAN UZUN,2025,Spring,36.27,14550.0,46.68,37.09,3381.0,13227.0,36.27,43.58
PATLICAN UZUN,2025,Spring,36.27,14550.0,46.68,33.82,3381.0,13227.0,36.27,43.58
PATLICAN UZUN,2025,Spring,36.27,14550.0,46.68,32.39,3381.0,13227.0,36.27,43.58
PATLICAN UZUN,2025,Summer,26.09,14550.0,52.69,41.75,3381.0,13227.0,36.27,36.27
PATLICAN UZUN,2025,Summer,26.09,14550.0,52.69,37.09,3381.0,13227.0,26.09,36.27
PATLICAN UZUN,2025,Summer,26.09,14550.0,52.69,33.82,3381.0,13227.0,26.09,36.27
PATLICAN UZUN,2025,Summer,26.09,14550.0,52.69,32.39,3381.0,13227.0,26.09,36.27
PATLICAN UZUN,2025,Fall,25.71,14550.0,56.39,41.75,3381.0,13227.0,26.09,26.09
PATLICAN UZUN,2025,Fall,25.71,14550.0,56.39,37.09,3381.0,13227.0,25.71,26.09
PATLICAN UZUN,2025,Fall,25.71,14550.0,56.39,33.82,3381.0,13227.0,25.71,26.09
PATLICAN UZUN,2025,Fall,25.71,14550.0,56.39,32.39,3381.0,13227.0,25.71,26.09
PATLICAN UZUN,2026,Winter,54.21,,58.1,28.72,,,25.71,25.71
PATLICAN UZUN,2026,Spring,54.86,,71.54,28.72,,,54.21,25.71
PATLICAN UZUN,2026,Summer,29.89,,66.72,28.72,,,54.86,25.71
SALATALIK SILOR,2014,Winter,2.98,886.0,4.33,7.05,18806.0,185842.0,2.98,2.98
SALATALIK SILOR,2014,Winter,2.98,886.0,4.33,9.14,18806.0,185842.0,2.98,2.98
SALATALIK SILOR,2014,Winter,2.98,886.0,4.33,9.34,18806.0,185842.0,2.98,2.98
SALATALIK SILOR,2014,Winter,2.98,886.0,4.33,8.99,18806.0,185842.0,2.98,2.98
SALATALIK SILOR,2014,Spring,2.03,886.0,4.58,7.05,18806.0,185842.0,2.98,2.98
SALATALIK SILOR,2014,Spring,2.03,886.0,4.58,9.14,18806.0,185842.0,2.03,2.98
SALATALIK SILOR,2014,Spring,2.03,886.0,4.58,9.34,18806.0,185842.0,2.03,2.98
SALATALIK SILOR,2014,Spring,2.03,886.0,4.58,8.99,18806.0,185842.0,2.03,2.98
SALATALIK SILOR,2014,Summer,1.35,886.0,4.38,7.05,18806.0,185842.0,2.03,2.03
SALATALIK SILOR,2014,Summer,1.35,886.0,4.38,9.14,18806.0,185842.0,1.35,2.03
SALATALIK SILOR,2014,Summer,1.35,886.0,4.38,9.34,18806.0,185842.0,1.35,2.03
SALATALIK SILOR,2014,Summer,1.35,886.0,4.38,8.99,18806.0,185842.0,1.35,2.03
SALATALIK SILOR,2014,Fall,1.35,886.0,4.24,7.05,18806.0,185842.0,1.35,1.35
SALATALIK SILOR,2014,Fall,1.35,886.0,4.24,9.14,18806.0,185842.0,1.35,1.35
SALATALIK SILOR,2014,Fall,1.35,886.0,4.24,9.34,18806.0,185842.0,1.35,1.35
SALATALIK SILOR,2014,Fall,1.35,886.0,4.24,8.99,18806.0,185842.0,1.35,1.35
SALATALIK SILOR,2015,Winter,3.17,903.33,3.66,7.65,17278.0,146796.0,1.35,1.35
SALATALIK SILOR,2015,Winter,3.17,903.33,3.66,7.87,17278.0,146796.0,3.17,1.35
SALATALIK SILOR,2015,Winter,3.17,903.33,3.66,7.05,17278.0,146796.0,3.17,1.35
SALATALIK SILOR,2015,Winter,3.17,903.33,3.66,7.88,17278.0,146796.0,3.17,1.35
SALATALIK SILOR,2015,Spring,1.79,903.33,3.93,7.65,17278.0,146796.0,3.17,3.17
SALATALIK SILOR,2015,Spring,1.79,903.33,3.93,7.87,17278.0,146796.0,1.79,3.17
SALATALIK SILOR,2015,Spring,1.79,903.33,3.93,7.05,17278.0,146796.0,1.79,3.17
SALATALIK SILOR,2015,Spring,1.79,903.33,3.93,7.88,17278.0,146796.0,1.79,3.17
SALATALIK SILOR,2015,Summer,1.42,903.33,3.9,7.65,17278.0,146796.0,1.79,1.79
SALATALIK SILOR,2015,Summer,1.42,903.33,3.9,7.87,17278.0,146796.0,1.42,1.79
SALATALIK SILOR,2015,Summer,1.42,903.33,3.9,7.05,17278.0,146796.0,1.42,1.79
SALATALIK SILOR,2015,Summer,1.42,903.33,3.9,7.88,17278.0,146796.0,1.42,1.79
SALATALIK SILOR,2015,Fall,1.49,903.33,3.84,7.65,17278.0,146796.0,1.42,1.42
SALATALIK SILOR,2015,Fall,1.49,903.33,3.84,7.87,17278.0,146796.0,1.49,1.42
SALATALIK SILOR,2015,Fall,1.49,903.33,3.84,7.05,17278.0,146796.0,1.49,1.42
SALATALIK SILOR,2015,Fall,1.49,903.33,3.84,7.88,17278.0,146796.0,1.49,1.42
SALATALIK SILOR,2016,Winter,2.93,822.67,3.78,9.06,13330.0,140788.0,1.49,1.49
SALATALIK SILOR,2016,Winter,2.93,822.67,3.78,6.87,13330.0,140788.0,2.93,1.49
SALATALIK SILOR,2016,Winter,2.93,822.67,3.78,8.16,13330.0,140788.0,2.93,1.49
SALATALIK SILOR,2016,Winter,2.93,822.67,3.78,7.15,13330.0,140788.0,2.93,1.49
SALATALIK SILOR,2016,Spring,1.56,822.67,3.63,9.06,13330.0,140788.0,2.93,2.93
SALATALIK SILOR,2016,Spring,1.56,822.67,3.63,6.87,13330.0,140788.0,1.56,2.93
SALATALIK SILOR,2016,Spring,1.56,822.67,3.63,8.16,13330.0,140788.0,1.56,2.93
SALATALIK SILOR,2016,Spring,1.56,822.67,3.63,7.15,13330.0,140788.0,1.56,2.93
SALATALIK SILOR,2016,Summer,1.23,822.67,3.79,9.06,13330.0,140788.0,1.56,1.56
SALATALIK SILOR,2016,Summer,1.23,822.67,3.79,6.87,13330.0,140788.0,1.23,1.56
SALATALIK SILOR,2016,Summer,1.23,822.67,3.79,8.16,13330.0,140788.0,1.23,1.56
SALATALIK SILOR,2016,Summer,1.23,822.67,3.79,7.15,13330.0,140788.0,1.23,1.56
SALATALIK SILOR,2016,Fall,1.59,822.67,4.13,9.06,13330.0,140788.0,1.23,1.23
SALATALIK SILOR,2016,Fall,1.59,822.67,4.13,6.87,13330.0,140788.0,1.59,1.23
SALATALIK SILOR,2016,Fall,1.59,822.67,4.13,8.16,13330.0,140788.0,1.59,1.23
SALATALIK SILOR,2016,Fall,1.59,822.67,4.13,7.15,13330.0,140788.0,1.59,1.23
SALATALIK SILOR,2017,Winter,3.51,906.33,4.81,9.3,12440.0,141542.0,1.59,1.59
SALATALIK SILOR,2017,Winter,3.51,906.33,4.81,11.63,12440.0,141542.0,3.51,1.59
SALATALIK SILOR,2017,Winter,3.51,906.33,4.81,10.45,12440.0,141542.0,3.51,1.59
SALATALIK SILOR,2017,Winter,3.51,906.33,4.81,12.03,12440.0,141542.0,3.51,1.59
SALATALIK SILOR,2017,Spring,2.21,906.33,4.55,9.3,12440.0,141542.0,3.51,3.51
SALATALIK SILOR,2017,Spring,2.21,906.33,4.55,11.63,12440.0,141542.0,2.21,3.51
SALATALIK SILOR,2017,Spring,2.21,906.33,4.55,10.45,12440.0,141542.0,2.21,3.51
SALATALIK SILOR,2017,Spring,2.21,906.33,4.55,12.03,12440.0,141542.0,2.21,3.51
SALATALIK SILOR,2017,Summer,1.24,906.33,4.48,9.3,12440.0,141542.0,2.21,2.21
SALATALIK SILOR,2017,Summer,1.24,906.33,4.48,11.63,12440.0,141542.0,1.24,2.21
SALATALIK SILOR,2017,Summer,1.24,906.33,4.48,10.45,12440.0,141542.0,1.24,2.21
SALATALIK SILOR,2017,Summer,1.24,906.33,4.48,12.03,12440.0,141542.0,1.24,2.21
SALATALIK SILOR,2017,Fall,1.59,906.33,4.83,9.3,12440.0,141542.0,1.24,1.24
SALATALIK SILOR,2017,Fall,1.59,906.33,4.83,11.63,12440.0,141542.0,1.59,1.24
SALATALIK SILOR,2017,Fall,1.59,906.33,4.83,10.45,12440.0,141542.0,1.59,1.24
SALATALIK SILOR,2017,Fall,1.59,906.33,4.83,12.03,12440.0,141542.0,1.59,1.24
SALATALIK SILOR,2018,Winter,2.99,1217.33,5.4,10.83,10363.0,117224.0,1.59,1.59
SALATALIK SILOR,2018,Winter,2.99,1217.33,5.4,11.08,10363.0,117224.0,2.99,1.59
SALATALIK SILOR,2018,Winter,2.99,1217.33,5.4,16.38,10363.0,117224.0,2.99,1.59
SALATALIK SILOR,2018,Winter,2.99,1217.33,5.4,23.78,10363.0,117224.0,2.99,1.59
SALATALIK SILOR,2018,Spring,2.04,1217.33,5.46,10.83,10363.0,117224.0,2.99,2.99
SALATALIK SILOR,2018,Spring,2.04,1217.33,5.46,11.08,10363.0,117224.0,2.04,2.99
SALATALIK SILOR,2018,Spring,2.04,1217.33,5.46,16.38,10363.0,117224.0,2.04,2.99
SALATALIK SILOR,2018,Spring,2.04,1217.33,5.46,23.78,10363.0,117224.0,2.04,2.99
SALATALIK SILOR,2018,Summer,2.05,1217.33,5.81,10.83,10363.0,117224.0,2.04,2.04
SALATALIK SILOR,2018,Summer,2.05,1217.33,5.81,11.08,10363.0,117224.0,2.05,2.04
SALATALIK SILOR,2018,Summer,2.05,1217.33,5.81,16.38,10363.0,117224.0,2.05,2.04
SALATALIK SILOR,2018,Summer,2.05,1217.33,5.81,23.78,10363.0,117224.0,2.05,2.04
SALATALIK SILOR,2018,Fall,1.86,1217.33,6.34,10.83,10363.0,117224.0,2.05,2.05
SALATALIK SILOR,2018,Fall,1.86,1217.33,6.34,11.08,10363.0,117224.0,1.86,2.05
SALATALIK SILOR,2018,Fall,1.86,1217.33,6.34,16.38,10363.0,117224.0,1.86,2.05
SALATALIK SILOR,2018,Fall,1.86,1217.33,6.34,23.78,10363.0,117224.0,1.86,2.05
SALATALIK SILOR,2019,Winter,4.25,1486.33,6.22,20.11,9603.0,111367.0,1.86,1.86
SALATALIK SILOR,2019,Winter,4.25,1486.33,6.22,19.3,9603.0,111367.0,4.25,1.86
SALATALIK SILOR,2019,Winter,4.25,1486.33,6.22,15.79,9603.0,111367.0,4.25,1.86
SALATALIK SILOR,2019,Winter,4.25,1486.33,6.22,9.46,9603.0,111367.0,4.25,1.86
SALATALIK SILOR,2019,Spring,2.64,1486.33,6.44,20.11,9603.0,111367.0,4.25,4.25
SALATALIK SILOR,2019,Spring,2.64,1486.33,6.44,19.3,9603.0,111367.0,2.64,4.25
SALATALIK SILOR,2019,Spring,2.64,1486.33,6.44,15.79,9603.0,111367.0,2.64,4.25
SALATALIK SILOR,2019,Spring,2.64,1486.33,6.44,9.46,9603.0,111367.0,2.64,4.25
SALATALIK SILOR,2019,Summer,1.44,1486.33,6.38,20.11,9603.0,111367.0,2.64,2.64
SALATALIK SILOR,2019,Summer,1.44,1486.33,6.38,19.3,9603.0,111367.0,1.44,2.64
SALATALIK SILOR,2019,Summer,1.44,1486.33,6.38,15.79,9603.0,111367.0,1.44,2.64
SALATALIK SILOR,2019,Summer,1.44,1486.33,6.38,9.46,9603.0,111367.0,1.44,2.64
SALATALIK SILOR,2019,Fall,2.23,1486.33,6.53,20.11,9603.0,111367.0,1.44,1.44
SALATALIK SILOR,2019,Fall,2.23,1486.33,6.53,19.3,9603.0,111367.0,2.23,1.44
SALATALIK SILOR,2019,Fall,2.23,1486.33,6.53,15.79,9603.0,111367.0,2.23,1.44
SALATALIK SILOR,2019,Fall,2.23,1486.33,6.53,9.46,9603.0,111367.0,2.23,1.44
SALATALIK SILOR,2020,Winter,4.48,2226.67,6.61,12.12,7456.0,106967.0,2.23,2.23
SALATALIK SILOR,2020,Winter,4.48,2226.67,6.61,11.39,7456.0,106967.0,4.48,2.23
SALATALIK SILOR,2020,Winter,4.48,2226.67,6.61,12.05,7456.0,106967.0,4.48,2.23
SALATALIK SILOR,2020,Winter,4.48,2226.67,6.61,12.56,7456.0,106967.0,4.48,2.23
SALATALIK SILOR,2020,Spring,3.39,2226.67,5.51,12.12,7456.0,106967.0,4.48,4.48
SALATALIK SILOR,2020,Spring,3.39,2226.67,5.51,11.39,7456.0,106967.0,3.39,4.48
SALATALIK SILOR,2020,Spring,3.39,2226.67,5.51,12.05,7456.0,106967.0,3.39,4.48
SALATALIK SILOR,2020,Spring,3.39,2226.67,5.51,12.56,7456.0,106967.0,3.39,4.48
SALATALIK SILOR,2020,Summer,2.1,2226.67,5.98,12.12,7456.0,106967.0,3.39,3.39
SALATALIK SILOR,2020,Summer,2.1,2226.67,5.98,11.39,7456.0,106967.0,2.1,3.39
SALATALIK SILOR,2020,Summer,2.1,2226.67,5.98,12.05,7456.0,106967.0,2.1,3.39
SALATALIK SILOR,2020,Summer,2.1,2226.67,5.98,12.56,7456.0,106967.0,2.1,3.39
SALATALIK SILOR,2020,Fall,2.54,2226.67,6.2,12.12,7456.0,106967.0,2.1,2.1
SALATALIK SILOR,2020,Fall,2.54,2226.67,6.2,11.39,7456.0,106967.0,2.54,2.1
SALATALIK SILOR,2020,Fall,2.54,2226.67,6.2,12.05,7456.0,106967.0,2.54,2.1
SALATALIK SILOR,2020,Fall,2.54,2226.67,6.2,12.56,7456.0,106967.0,2.54,2.1
SALATALIK SILOR,2021,Winter,5.21,6709.0,8.1,15.06,5622.0,102293.0,2.54,2.54
SALATALIK SILOR,2021,Winter,5.21,6709.0,8.1,16.64,5622.0,102293.0,5.21,2.54
SALATALIK SILOR,2021,Winter,5.21,6709.0,8.1,18.58,5622.0,102293.0,5.21,2.54
SALATALIK SILOR,2021,Winter,5.21,6709.0,8.1,20.27,5622.0,102293.0,5.21,2.54
SALATALIK SILOR,2021,Spring,3.64,6709.0,6.69,15.06,5622.0,102293.0,5.21,5.21
SALATALIK SILOR,2021,Spring,3.64,6709.0,6.69,16.64,5622.0,102293.0,3.64,5.21
SALATALIK SILOR,2021,Spring,3.64,6709.0,6.69,18.58,5622.0,102293.0,3.64,5.21
SALATALIK SILOR,2021,Spring,3.64,6709.0,6.69,20.27,5622.0,102293.0,3.64,5.21
SALATALIK SILOR,2021,Summer,3.16,6709.0,7.34,15.06,5622.0,102293.0,3.64,3.64
SALATALIK SILOR,2021,Summer,3.16,6709.0,7.34,16.64,5622.0,102293.0,3.16,3.64
SALATALIK SILOR,2021,Summer,3.16,6709.0,7.34,18.58,5622.0,102293.0,3.16,3.64
SALATALIK SILOR,2021,Summer,3.16,6709.0,7.34,20.27,5622.0,102293.0,3.16,3.64
SALATALIK SILOR,2021,Fall,3.06,6709.0,7.99,15.06,5622.0,102293.0,3.16,3.16
SALATALIK SILOR,2021,Fall,3.06,6709.0,7.99,16.64,5622.0,102293.0,3.06,3.16
SALATALIK SILOR,2021,Fall,3.06,6709.0,7.99,18.58,5622.0,102293.0,3.06,3.16
SALATALIK SILOR,2021,Fall,3.06,6709.0,7.99,20.27,5622.0,102293.0,3.06,3.16
SALATALIK SILOR,2022,Winter,8.95,15353.33,17.3,46.48,5617.0,102345.0,3.06,3.06
SALATALIK SILOR,2022,Winter,8.95,15353.33,17.3,68.26,5617.0,102345.0,8.95,3.06
SALATALIK SILOR,2022,Winter,8.95,15353.33,17.3,79.48,5617.0,102345.0,8.95,3.06
SALATALIK SILOR,2022,Winter,8.95,15353.33,17.3,84.46,5617.0,102345.0,8.95,3.06
SALATALIK SILOR,2022,Spring,10.56,15353.33,21.62,46.48,5617.0,102345.0,8.95,8.95
SALATALIK SILOR,2022,Spring,10.56,15353.33,21.62,68.26,5617.0,102345.0,10.56,8.95
SALATALIK SILOR,2022,Spring,10.56,15353.33,21.62,79.48,5617.0,102345.0,10.56,8.95
SALATALIK SILOR,2022,Spring,10.56,15353.33,21.62,84.46,5617.0,102345.0,10.56,8.95
SALATALIK SILOR,2022,Summer,5.39,15353.33,26.18,46.48,5617.0,102345.0,10.56,10.56
SALATALIK SILOR,2022,Summer,5.39,15353.33,26.18,68.26,5617.0,102345.0,5.39,10.56
SALATALIK SILOR,2022,Summer,5.39,15353.33,26.18,79.48,5617.0,102345.0,5.39,10.56
SALATALIK SILOR,2022,Summer,5.39,15353.33,26.18,84.46,5617.0,102345.0,5.39,10.56
SALATALIK SILOR,2022,Fall,8.46,15353.33,25.49,46.48,5617.0,102345.0,5.39,5.39
SALATALIK SILOR,2022,Fall,8.46,15353.33,25.49,68.26,5617.0,102345.0,8.46,5.39
SALATALIK SILOR,2022,Fall,8.46,15353.33,25.49,79.48,5617.0,102345.0,8.46,5.39
SALATALIK SILOR,2022,Fall,8.46,15353.33,25.49,84.46,5617.0,102345.0,8.46,5.39
SALATALIK SILOR,2023,Winter,15.92,10488.0,27.43,58.8,7438.0,109866.0,8.46,8.46
SALATALIK SILOR,2023,Winter,15.92,10488.0,27.43,44.41,7438.0,109866.0,15.92,8.46
SALATALIK SILOR,2023,Winter,15.92,10488.0,27.43,48.46,7438.0,109866.0,15.92,8.46
SALATALIK SILOR,2023,Winter,15.92,10488.0,27.43,61.63,7438.0,109866.0,15.92,8.46
SALATALIK SILOR,2023,Spring,16.84,10488.0,20.55,58.8,7438.0,109866.0,15.92,15.92
SALATALIK SILOR,2023,Spring,16.84,10488.0,20.55,44.41,7438.0,109866.0,16.84,15.92
SALATALIK SILOR,2023,Spring,16.84,10488.0,20.55,48.46,7438.0,109866.0,16.84,15.92
SALATALIK SILOR,2023,Spring,16.84,10488.0,20.55,61.63,7438.0,109866.0,16.84,15.92
SALATALIK SILOR,2023,Summer,15.44,10488.0,30.3,58.8,7438.0,109866.0,16.84,16.84
SALATALIK SILOR,2023,Summer,15.44,10488.0,30.3,44.41,7438.0,109866.0,15.44,16.84
SALATALIK SILOR,2023,Summer,15.44,10488.0,30.3,48.46,7438.0,109866.0,15.44,16.84
SALATALIK SILOR,2023,Summer,15.44,10488.0,30.3,61.63,7438.0,109866.0,15.44,16.84
SALATALIK SILOR,2023,Fall,16.13,10488.0,39.39,58.8,7438.0,109866.0,15.44,15.44
SALATALIK SILOR,2023,Fall,16.13,10488.0,39.39,44.41,7438.0,109866.0,16.13,15.44
SALATALIK SILOR,2023,Fall,16.13,10488.0,39.39,48.46,7438.0,109866.0,16.13,15.44
SALATALIK SILOR,2023,Fall,16.13,10488.0,39.39,61.63,7438.0,109866.0,16.13,15.44
SALATALIK SILOR,2024,Winter,27.05,11266.67,42.89,65.6,7584.0,117034.0,16.13,16.13
SALATALIK SILOR,2024,Winter,27.05,11266.67,42.89,71.27,7584.0,117034.0,27.05,16.13
SALATALIK SILOR,2024,Winter,27.05,11266.67,42.89,61.2,7584.0,117034.0,27.05,16.13
SALATALIK SILOR,2024,Winter,27.05,11266.67,42.89,48.33,7584.0,117034.0,27.05,16.13
SALATALIK SILOR,2024,Spring,21.28,11266.67,42.39,65.6,7584.0,117034.0,27.05,27.05
SALATALIK SILOR,2024,Spring,21.28,11266.67,42.39,71.27,7584.0,117034.0,21.28,27.05
SALATALIK SILOR,2024,Spring,21.28,11266.67,42.39,61.2,7584.0,117034.0,21.28,27.05
SALATALIK SILOR,2024,Spring,21.28,11266.67,42.39,48.33,7584.0,117034.0,21.28,27.05
SALATALIK SILOR,2024,Summer,24.5,11266.67,44.12,65.6,7584.0,117034.0,21.28,21.28
SALATALIK SILOR,2024,Summer,24.5,11266.67,44.12,71.27,7584.0,117034.0,24.5,21.28
SALATALIK SILOR,2024,Summer,24.5,11266.67,44.12,61.2,7584.0,117034.0,24.5,21.28
SALATALIK SILOR,2024,Summer,24.5,11266.67,44.12,48.33,7584.0,117034.0,24.5,21.28
SALATALIK SILOR,2024,Fall,29.47,11266.67,43.82,65.6,7584.0,117034.0,24.5,24.5
SALATALIK SILOR,2024,Fall,29.47,11266.67,43.82,71.27,7584.0,117034.0,29.47,24.5
SALATALIK SILOR,2024,Fall,29.47,11266.67,43.82,61.2,7584.0,117034.0,29.47,24.5
SALATALIK SILOR,2024,Fall,29.47,11266.67,43.82,48.33,7584.0,117034.0,29.47,24.5
SALATALIK SILOR,2025,Winter,37.05,14550.0,50.28,41.75,8008.0,104108.0,29.47,29.47
SALATALIK SILOR,2025,Winter,37.05,14550.0,50.28,37.09,8008.0,104108.0,37.05,29.47
SALATALIK SILOR,2025,Winter,37.05,14550.0,50.28,33.82,8008.0,104108.0,37.05,29.47
SALATALIK SILOR,2025,Winter,37.05,14550.0,50.28,32.39,8008.0,104108.0,37.05,29.47
SALATALIK SILOR,2025,Spring,32.78,14550.0,46.68,41.75,8008.0,104108.0,37.05,37.05
SALATALIK SILOR,2025,Spring,32.78,14550.0,46.68,37.09,8008.0,104108.0,32.78,37.05
SALATALIK SILOR,2025,Spring,32.78,14550.0,46.68,33.82,8008.0,104108.0,32.78,37.05
SALATALIK SILOR,2025,Spring,32.78,14550.0,46.68,32.39,8008.0,104108.0,32.78,37.05
SALATALIK SILOR,2025,Summer,23.85,14550.0,52.69,41.75,8008.0,104108.0,32.78,32.78
SALATALIK SILOR,2025,Summer,23.85,14550.0,52.69,37.09,8008.0,104108.0,23.85,32.78
SALATALIK SILOR,2025,Summer,23.85,14550.0,52.69,33.82,8008.0,104108.0,23.85,32.78
SALATALIK SILOR,2025,Summer,23.85,14550.0,52.69,32.39,8008.0,104108.0,23.85,32.78
SALATALIK SILOR,2025,Fall,26.66,14550.0,56.39,41.75,8008.0,104108.0,23.85,23.85
SALATALIK SILOR,2025,Fall,26.66,14550.0,56.39,37.09,8008.0,104108.0,26.66,23.85
SALATALIK SILOR,2025,Fall,26.66,14550.0,56.39,33.82,8008.0,104108.0,26.66,23.85
SALATALIK SILOR,2025,Fall,26.66,14550.0,56.39,32.39,8008.0,104108.0,26.66,23.85
SALATALIK SILOR,2026,Winter,70.95,,58.1,28.72,,,26.66,26.66
SALATALIK SILOR,2026,Spring,48.32,,71.54,28.72,,,70.95,26.66
SALATALIK SILOR,2026,Summer,27.55,,66.72,28.72,,,48.32,26.66
SOGAN KURU,2014,Winter,0.41,886.0,4.33,7.05,1000.0,1905.0,0.41,0.41
SOGAN KURU,2014,Winter,0.41,886.0,4.33,9.14,1000.0,1905.0,0.41,0.41
SOGAN KURU,2014,Winter,0.41,886.0,4.33,9.34,1000.0,1905.0,0.41,0.41
SOGAN KURU,2014,Winter,0.41,886.0,4.33,8.99,1000.0,1905.0,0.41,0.41
SOGAN KURU,2014,Spring,0.52,886.0,4.58,7.05,1000.0,1905.0,0.41,0.41
SOGAN KURU,2014,Spring,0.52,886.0,4.58,9.14,1000.0,1905.0,0.52,0.41
SOGAN KURU,2014,Spring,0.52,886.0,4.58,9.34,1000.0,1905.0,0.52,0.41
SOGAN KURU,2014,Spring,0.52,886.0,4.58,8.99,1000.0,1905.0,0.52,0.41
SOGAN KURU,2014,Summer,0.48,886.0,4.38,7.05,1000.0,1905.0,0.52,0.52
SOGAN KURU,2014,Summer,0.48,886.0,4.38,9.14,1000.0,1905.0,0.48,0.52
SOGAN KURU,2014,Summer,0.48,886.0,4.38,9.34,1000.0,1905.0,0.48,0.52
SOGAN KURU,2014,Summer,0.48,886.0,4.38,8.99,1000.0,1905.0,0.48,0.52
SOGAN KURU,2014,Fall,0.53,886.0,4.24,7.05,1000.0,1905.0,0.48,0.48
SOGAN KURU,2014,Fall,0.53,886.0,4.24,9.14,1000.0,1905.0,0.53,0.48
SOGAN KURU,2014,Fall,0.53,886.0,4.24,9.34,1000.0,1905.0,0.53,0.48
SOGAN KURU,2014,Fall,0.53,886.0,4.24,8.99,1000.0,1905.0,0.53,0.48
SOGAN KURU,2015,Winter,0.77,903.33,3.66,7.65,1000.0,1905.0,0.53,0.53
SOGAN KURU,2015,Winter,0.77,903.33,3.66,7.87,1000.0,1905.0,0.77,0.53
SOGAN KURU,2015,Winter,0.77,903.33,3.66,7.05,1000.0,1905.0,0.77,0.53
SOGAN KURU,2015,Winter,0.77,903.33,3.66,7.88,1000.0,1905.0,0.77,0.53
SOGAN KURU,2015,Spring,0.88,903.33,3.93,7.65,1000.0,1905.0,0.77,0.77
SOGAN KURU,2015,Spring,0.88,903.33,3.93,7.87,1000.0,1905.0,0.88,0.77
SOGAN KURU,2015,Spring,0.88,903.33,3.93,7.05,1000.0,1905.0,0.88,0.77
SOGAN KURU,2015,Spring,0.88,903.33,3.93,7.88,1000.0,1905.0,0.88,0.77
SOGAN KURU,2015,Summer,0.55,903.33,3.9,7.65,1000.0,1905.0,0.88,0.88
SOGAN KURU,2015,Summer,0.55,903.33,3.9,7.87,1000.0,1905.0,0.55,0.88
SOGAN KURU,2015,Summer,0.55,903.33,3.9,7.05,1000.0,1905.0,0.55,0.88
SOGAN KURU,2015,Summer,0.55,903.33,3.9,7.88,1000.0,1905.0,0.55,0.88
SOGAN KURU,2015,Fall,0.68,903.33,3.84,7.65,1000.0,1905.0,0.55,0.55
SOGAN KURU,2015,Fall,0.68,903.33,3.84,7.87,1000.0,1905.0,0.68,0.55
SOGAN KURU,2015,Fall,0.68,903.33,3.84,7.05,1000.0,1905.0,0.68,0.55
SOGAN KURU,2015,Fall,0.68,903.33,3.84,7.88,1000.0,1905.0,0.68,0.55
SOGAN KURU,2016,Winter,1.23,822.67,3.78,9.06,1030.0,1960.0,0.68,0.68
SOGAN KURU,2016,Winter,1.23,822.67,3.78,6.87,1030.0,1960.0,1.23,0.68
SOGAN KURU,2016,Winter,1.23,822.67,3.78,8.16,1030.0,1960.0,1.23,0.68
SOGAN KURU,2016,Winter,1.23,822.67,3.78,7.15,1030.0,1960.0,1.23,0.68
SOGAN KURU,2016,Spring,0.91,822.67,3.63,9.06,1030.0,1960.0,1.23,1.23
SOGAN KURU,2016,Spring,0.91,822.67,3.63,6.87,1030.0,1960.0,0.91,1.23
SOGAN KURU,2016,Spring,0.91,822.67,3.63,8.16,1030.0,1960.0,0.91,1.23
SOGAN KURU,2016,Spring,0.91,822.67,3.63,7.15,1030.0,1960.0,0.91,1.23
SOGAN KURU,2016,Summer,0.47,822.67,3.79,9.06,1030.0,1960.0,0.91,0.91
SOGAN KURU,2016,Summer,0.47,822.67,3.79,6.87,1030.0,1960.0,0.47,0.91
SOGAN KURU,2016,Summer,0.47,822.67,3.79,8.16,1030.0,1960.0,0.47,0.91
SOGAN KURU,2016,Summer,0.47,822.67,3.79,7.15,1030.0,1960.0,0.47,0.91
SOGAN KURU,2016,Fall,0.44,822.67,4.13,9.06,1030.0,1960.0,0.47,0.47
SOGAN KURU,2016,Fall,0.44,822.67,4.13,6.87,1030.0,1960.0,0.44,0.47
SOGAN KURU,2016,Fall,0.44,822.67,4.13,8.16,1030.0,1960.0,0.44,0.47
SOGAN KURU,2016,Fall,0.44,822.67,4.13,7.15,1030.0,1960.0,0.44,0.47
SOGAN KURU,2017,Winter,0.46,906.33,4.81,9.3,900.0,1701.0,0.44,0.44
SOGAN KURU,2017,Winter,0.46,906.33,4.81,11.63,900.0,1701.0,0.46,0.44
SOGAN KURU,2017,Winter,0.46,906.33,4.81,10.45,900.0,1701.0,0.46,0.44
SOGAN KURU,2017,Winter,0.46,906.33,4.81,12.03,900.0,1701.0,0.46,0.44
SOGAN KURU,2017,Spring,0.52,906.33,4.55,9.3,900.0,1701.0,0.46,0.46
SOGAN KURU,2017,Spring,0.52,906.33,4.55,11.63,900.0,1701.0,0.52,0.46
SOGAN KURU,2017,Spring,0.52,906.33,4.55,10.45,900.0,1701.0,0.52,0.46
SOGAN KURU,2017,Spring,0.52,906.33,4.55,12.03,900.0,1701.0,0.52,0.46
SOGAN KURU,2017,Summer,0.7,906.33,4.48,9.3,900.0,1701.0,0.52,0.52
SOGAN KURU,2017,Summer,0.7,906.33,4.48,11.63,900.0,1701.0,0.7,0.52
SOGAN KURU,2017,Summer,0.7,906.33,4.48,10.45,900.0,1701.0,0.7,0.52
SOGAN KURU,2017,Summer,0.7,906.33,4.48,12.03,900.0,1701.0,0.7,0.52
SOGAN KURU,2017,Fall,0.69,906.33,4.83,9.3,900.0,1701.0,0.7,0.7
SOGAN KURU,2017,Fall,0.69,906.33,4.83,11.63,900.0,1701.0,0.69,0.7
SOGAN KURU,2017,Fall,0.69,906.33,4.83,10.45,900.0,1701.0,0.69,0.7
SOGAN KURU,2017,Fall,0.69,906.33,4.83,12.03,900.0,1701.0,0.69,0.7
SOGAN KURU,2018,Winter,0.71,1217.33,5.4,10.83,800.0,1520.0,0.69,0.69
SOGAN KURU,2018,Winter,0.71,1217.33,5.4,11.08,800.0,1520.0,0.71,0.69
SOGAN KURU,2018,Winter,0.71,1217.33,5.4,16.38,800.0,1520.0,0.71,0.69
SOGAN KURU,2018,Winter,0.71,1217.33,5.4,23.78,800.0,1520.0,0.71,0.69
SOGAN KURU,2018,Spring,0.99,1217.33,5.46,10.83,800.0,1520.0,0.71,0.71
SOGAN KURU,2018,Spring,0.99,1217.33,5.46,11.08,800.0,1520.0,0.99,0.71
SOGAN KURU,2018,Spring,0.99,1217.33,5.46,16.38,800.0,1520.0,0.99,0.71
SOGAN KURU,2018,Spring,0.99,1217.33,5.46,23.78,800.0,1520.0,0.99,0.71
SOGAN KURU,2018,Summer,1.93,1217.33,5.81,10.83,800.0,1520.0,0.99,0.99
SOGAN KURU,2018,Summer,1.93,1217.33,5.81,11.08,800.0,1520.0,1.93,0.99
SOGAN KURU,2018,Summer,1.93,1217.33,5.81,16.38,800.0,1520.0,1.93,0.99
SOGAN KURU,2018,Summer,1.93,1217.33,5.81,23.78,800.0,1520.0,1.93,0.99
SOGAN KURU,2018,Fall,1.51,1217.33,6.34,10.83,800.0,1520.0,1.93,1.93
SOGAN KURU,2018,Fall,1.51,1217.33,6.34,11.08,800.0,1520.0,1.51,1.93
SOGAN KURU,2018,Fall,1.51,1217.33,6.34,16.38,800.0,1520.0,1.51,1.93
SOGAN KURU,2018,Fall,1.51,1217.33,6.34,23.78,800.0,1520.0,1.51,1.93
SOGAN KURU,2019,Winter,2.56,1486.33,6.22,20.11,1000.0,1800.0,1.51,1.51
SOGAN KURU,2019,Winter,2.56,1486.33,6.22,19.3,1000.0,1800.0,2.56,1.51
SOGAN KURU,2019,Winter,2.56,1486.33,6.22,15.79,1000.0,1800.0,2.56,1.51
SOGAN KURU,2019,Winter,2.56,1486.33,6.22,9.46,1000.0,1800.0,2.56,1.51
SOGAN KURU,2019,Spring,3.04,1486.33,6.44,20.11,1000.0,1800.0,2.56,2.56
SOGAN KURU,2019,Spring,3.04,1486.33,6.44,19.3,1000.0,1800.0,3.04,2.56
SOGAN KURU,2019,Spring,3.04,1486.33,6.44,15.79,1000.0,1800.0,3.04,2.56
SOGAN KURU,2019,Spring,3.04,1486.33,6.44,9.46,1000.0,1800.0,3.04,2.56
SOGAN KURU,2019,Summer,1.25,1486.33,6.38,20.11,1000.0,1800.0,3.04,3.04
SOGAN KURU,2019,Summer,1.25,1486.33,6.38,19.3,1000.0,1800.0,1.25,3.04
SOGAN KURU,2019,Summer,1.25,1486.33,6.38,15.79,1000.0,1800.0,1.25,3.04
SOGAN KURU,2019,Summer,1.25,1486.33,6.38,9.46,1000.0,1800.0,1.25,3.04
SOGAN KURU,2019,Fall,0.75,1486.33,6.53,20.11,1000.0,1800.0,1.25,1.25
SOGAN KURU,2019,Fall,0.75,1486.33,6.53,19.3,1000.0,1800.0,0.75,1.25
SOGAN KURU,2019,Fall,0.75,1486.33,6.53,15.79,1000.0,1800.0,0.75,1.25
SOGAN KURU,2019,Fall,0.75,1486.33,6.53,9.46,1000.0,1800.0,0.75,1.25
SOGAN KURU,2020,Winter,1.28,2226.67,6.61,12.12,22.0,35.0,0.75,0.75
SOGAN KURU,2020,Winter,1.28,2226.67,6.61,11.39,22.0,35.0,1.28,0.75
SOGAN KURU,2020,Winter,1.28,2226.67,6.61,12.05,22.0,35.0,1.28,0.75
SOGAN KURU,2020,Winter,1.28,2226.67,6.61,12.56,22.0,35.0,1.28,0.75
SOGAN KURU,2020,Spring,1.42,2226.67,5.51,12.12,22.0,35.0,1.28,1.28
SOGAN KURU,2020,Spring,1.42,2226.67,5.51,11.39,22.0,35.0,1.42,1.28
SOGAN KURU,2020,Spring,1.42,2226.67,5.51,12.05,22.0,35.0,1.42,1.28
SOGAN KURU,2020,Spring,1.42,2226.67,5.51,12.56,22.0,35.0,1.42,1.28
SOGAN KURU,2020,Summer,0.85,2226.67,5.98,12.12,22.0,35.0,1.42,1.42
SOGAN KURU,2020,Summer,0.85,2226.67,5.98,11.39,22.0,35.0,0.85,1.42
SOGAN KURU,2020,Summer,0.85,2226.67,5.98,12.05,22.0,35.0,0.85,1.42
SOGAN KURU,2020,Summer,0.85,2226.67,5.98,12.56,22.0,35.0,0.85,1.42
SOGAN KURU,2020,Fall,1.13,2226.67,6.2,12.12,22.0,35.0,0.85,0.85
SOGAN KURU,2020,Fall,1.13,2226.67,6.2,11.39,22.0,35.0,1.13,0.85
SOGAN KURU,2020,Fall,1.13,2226.67,6.2,12.05,22.0,35.0,1.13,0.85
SOGAN KURU,2020,Fall,1.13,2226.67,6.2,12.56,22.0,35.0,1.13,0.85
SOGAN KURU,2021,Winter,1.12,6709.0,8.1,15.06,18.0,25.0,1.13,1.13
SOGAN KURU,2021,Winter,1.12,6709.0,8.1,16.64,18.0,25.0,1.12,1.13
SOGAN KURU,2021,Winter,1.12,6709.0,8.1,18.58,18.0,25.0,1.12,1.13
SOGAN KURU,2021,Winter,1.12,6709.0,8.1,20.27,18.0,25.0,1.12,1.13
SOGAN KURU,2021,Spring,0.94,6709.0,6.69,15.06,18.0,25.0,1.12,1.12
SOGAN KURU,2021,Spring,0.94,6709.0,6.69,16.64,18.0,25.0,0.94,1.12
SOGAN KURU,2021,Spring,0.94,6709.0,6.69,18.58,18.0,25.0,0.94,1.12
SOGAN KURU,2021,Spring,0.94,6709.0,6.69,20.27,18.0,25.0,0.94,1.12
SOGAN KURU,2021,Summer,1.04,6709.0,7.34,15.06,18.0,25.0,0.94,0.94
SOGAN KURU,2021,Summer,1.04,6709.0,7.34,16.64,18.0,25.0,1.04,0.94
SOGAN KURU,2021,Summer,1.04,6709.0,7.34,18.58,18.0,25.0,1.04,0.94
SOGAN KURU,2021,Summer,1.04,6709.0,7.34,20.27,18.0,25.0,1.04,0.94
SOGAN KURU,2021,Fall,0.99,6709.0,7.99,15.06,18.0,25.0,1.04,1.04
SOGAN KURU,2021,Fall,0.99,6709.0,7.99,16.64,18.0,25.0,0.99,1.04
SOGAN KURU,2021,Fall,0.99,6709.0,7.99,18.58,18.0,25.0,0.99,1.04
SOGAN KURU,2021,Fall,0.99,6709.0,7.99,20.27,18.0,25.0,0.99,1.04
SOGAN KURU,2022,Winter,1.87,15353.33,17.3,46.48,45.0,65.0,0.99,0.99
SOGAN KURU,2022,Winter,1.87,15353.33,17.3,68.26,45.0,65.0,1.87,0.99
SOGAN KURU,2022,Winter,1.87,15353.33,17.3,79.48,45.0,65.0,1.87,0.99
SOGAN KURU,2022,Winter,1.87,15353.33,17.3,84.46,45.0,65.0,1.87,0.99
SOGAN KURU,2022,Spring,3.18,15353.33,21.62,46.48,45.0,65.0,1.87,1.87
SOGAN KURU,2022,Spring,3.18,15353.33,21.62,68.26,45.0,65.0,3.18,1.87
SOGAN KURU,2022,Spring,3.18,15353.33,21.62,79.48,45.0,65.0,3.18,1.87
SOGAN KURU,2022,Spring,3.18,15353.33,21.62,84.46,45.0,65.0,3.18,1.87
SOGAN KURU,2022,Summer,5.69,15353.33,26.18,46.48,45.0,65.0,3.18,3.18
SOGAN KURU,2022,Summer,5.69,15353.33,26.18,68.26,45.0,65.0,5.69,3.18
SOGAN KURU,2022,Summer,5.69,15353.33,26.18,79.48,45.0,65.0,5.69,3.18
SOGAN KURU,2022,Summer,5.69,15353.33,26.18,84.46,45.0,65.0,5.69,3.18
SOGAN KURU,2022,Fall,6.54,15353.33,25.49,46.48,45.0,65.0,5.69,5.69
SOGAN KURU,2022,Fall,6.54,15353.33,25.49,68.26,45.0,65.0,6.54,5.69
SOGAN KURU,2022,Fall,6.54,15353.33,25.49,79.48,45.0,65.0,6.54,5.69
SOGAN KURU,2022,Fall,6.54,15353.33,25.49,84.46,45.0,65.0,6.54,5.69
SOGAN KURU,2023,Winter,8.06,10488.0,27.43,58.8,65.0,80.0,6.54,6.54
SOGAN KURU,2023,Winter,8.06,10488.0,27.43,44.41,65.0,80.0,8.06,6.54
SOGAN KURU,2023,Winter,8.06,10488.0,27.43,48.46,65.0,80.0,8.06,6.54
SOGAN KURU,2023,Winter,8.06,10488.0,27.43,61.63,65.0,80.0,8.06,6.54
SOGAN KURU,2023,Spring,14.24,10488.0,20.55,58.8,65.0,80.0,8.06,8.06
SOGAN KURU,2023,Spring,14.24,10488.0,20.55,44.41,65.0,80.0,14.24,8.06
SOGAN KURU,2023,Spring,14.24,10488.0,20.55,48.46,65.0,80.0,14.24,8.06
SOGAN KURU,2023,Spring,14.24,10488.0,20.55,61.63,65.0,80.0,14.24,8.06
SOGAN KURU,2023,Summer,14.44,10488.0,30.3,58.8,65.0,80.0,14.24,14.24
SOGAN KURU,2023,Summer,14.44,10488.0,30.3,44.41,65.0,80.0,14.44,14.24
SOGAN KURU,2023,Summer,14.44,10488.0,30.3,48.46,65.0,80.0,14.44,14.24
SOGAN KURU,2023,Summer,14.44,10488.0,30.3,61.63,65.0,80.0,14.44,14.24
SOGAN KURU,2023,Fall,13.42,10488.0,39.39,58.8,65.0,80.0,14.44,14.44
SOGAN KURU,2023,Fall,13.42,10488.0,39.39,44.41,65.0,80.0,13.42,14.44
SOGAN KURU,2023,Fall,13.42,10488.0,39.39,48.46,65.0,80.0,13.42,14.44
SOGAN KURU,2023,Fall,13.42,10488.0,39.39,61.63,65.0,80.0,13.42,14.44
SOGAN KURU,2024,Winter,10.34,11266.67,42.89,65.6,86.0,106.0,13.42,13.42
SOGAN KURU,2024,Winter,10.34,11266.67,42.89,71.27,86.0,106.0,10.34,13.42
SOGAN KURU,2024,Winter,10.34,11266.67,42.89,61.2,86.0,106.0,10.34,13.42
SOGAN KURU,2024,Winter,10.34,11266.67,42.89,48.33,86.0,106.0,10.34,13.42
SOGAN KURU,2024,Spring,12.17,11266.67,42.39,65.6,86.0,106.0,10.34,10.34
SOGAN KURU,2024,Spring,12.17,11266.67,42.39,71.27,86.0,106.0,12.17,10.34
SOGAN KURU,2024,Spring,12.17,11266.67,42.39,61.2,86.0,106.0,12.17,10.34
SOGAN KURU,2024,Spring,12.17,11266.67,42.39,48.33,86.0,106.0,12.17,10.34
SOGAN KURU,2024,Summer,12.75,11266.67,44.12,65.6,86.0,106.0,12.17,12.17
SOGAN KURU,2024,Summer,12.75,11266.67,44.12,71.27,86.0,106.0,12.75,12.17
SOGAN KURU,2024,Summer,12.75,11266.67,44.12,61.2,86.0,106.0,12.75,12.17
SOGAN KURU,2024,Summer,12.75,11266.67,44.12,48.33,86.0,106.0,12.75,12.17
SOGAN KURU,2024,Fall,13.21,11266.67,43.82,65.6,86.0,106.0,12.75,12.75
SOGAN KURU,2024,Fall,13.21,11266.67,43.82,71.27,86.0,106.0,13.21,12.75
SOGAN KURU,2024,Fall,13.21,11266.67,43.82,61.2,86.0,106.0,13.21,12.75
SOGAN KURU,2024,Fall,13.21,11266.67,43.82,48.33,86.0,106.0,13.21,12.75
SOGAN KURU,2025,Winter,16.44,14550.0,50.28,41.75,53.0,57.0,13.21,13.21
SOGAN KURU,2025,Winter,16.44,14550.0,50.28,37.09,53.0,57.0,16.44,13.21
SOGAN KURU,2025,Winter,16.44,14550.0,50.28,33.82,53.0,57.0,16.44,13.21
SOGAN KURU,2025,Winter,16.44,14550.0,50.28,32.39,53.0,57.0,16.44,13.21
SOGAN KURU,2025,Spring,20.59,14550.0,46.68,41.75,53.0,57.0,16.44,16.44
SOGAN KURU,2025,Spring,20.59,14550.0,46.68,37.09,53.0,57.0,20.59,16.44
SOGAN KURU,2025,Spring,20.59,14550.0,46.68,33.82,53.0,57.0,20.59,16.44
SOGAN KURU,2025,Spring,20.59,14550.0,46.68,32.39,53.0,57.0,20.59,16.44
SOGAN KURU,2025,Summer,11.42,14550.0,52.69,41.75,53.0,57.0,20.59,20.59
SOGAN KURU,2025,Summer,11.42,14550.0,52.69,37.09,53.0,57.0,11.42,20.59
SOGAN KURU,2025,Summer,11.42,14550.0,52.69,33.82,53.0,57.0,11.42,20.59
SOGAN KURU,2025,Summer,11.42,14550.0,52.69,32.39,53.0,57.0,11.42,20.59
SOGAN KURU,2025,Fall,10.52,14550.0,56.39,41.75,53.0,57.0,11.42,11.42
SOGAN KURU,2025,Fall,10.52,14550.0,56.39,37.09,53.0,57.0,10.52,11.42
SOGAN KURU,2025,Fall,10.52,14550.0,56.39,33.82,53.0,57.0,10.52,11.42
SOGAN KURU,2025,Fall,10.52,14550.0,56.39,32.39,53.0,57.0,10.52,11.42
SOGAN KURU,2026,Winter,9.04,,58.1,28.72,,,10.52,10.52
SOGAN KURU,2026,Spring,10.95,,71.54,28.72,,,9.04,10.52
SOGAN KURU,2026,Summer,32.08,,66.72,28.72,,,10.95,10.52
