product_name,year,season,average_price,fertilizer_price,fuel_price,annual_inflation,planted_area,production_amount,min_price,max_price,lag_1_price,lag_4_price
BAKLA,2014,Winter,2.07,886.0,4.54,7.05,2806.0,2819.0,1.2321428571428572,2.9,,
BAKLA,2014,Spring,1.27,886.0,4.58,9.14,2806.0,2819.0,0.6016129032258064,1.935483870967742,2.07,
BAKLA,2014,Summer,1.01,886.0,4.38,9.34,2806.0,2819.0,0.4555555555555555,1.5555555555555556,1.27,
BAKLA,2015,Winter,2.47,903.33,3.75,7.65,2706.0,2726.0,1.4049180327868853,3.536065573770492,1.01,
BAKLA,2015,Spring,1.92,903.33,3.93,7.87,2706.0,2726.0,0.984375,2.853125,2.47,2.07
BAKLA,2015,Summer,1.0,903.33,3.9,7.05,2706.0,2726.0,0.5,1.5,1.92,1.27
BAKLA,2015,Fall,3.68,903.33,3.84,7.88,2706.0,2726.0,2.7142857142857144,4.642857142857143,1.0,1.01
BAKLA,2016,Winter,3.06,822.67,3.48,9.06,2606.0,2674.0,1.9166666666666667,4.2,3.68,2.47
BAKLA,2016,Spring,1.54,822.67,3.63,6.87,2606.0,2674.0,0.7203703703703704,2.354320987654321,3.06,1.92
BAKLA,2016,Summer,1.35,822.67,3.79,8.16,2606.0,2674.0,0.7,2.0,1.54z,1.0
BAKLA,2016,Fall,3.0,822.67,4.13,7.15,2606.0,2674.0,2.0,4.0,1.35,3.68
BAKLA,2017,Winter,3.43,906.33,4.59,9.3,2687.0,2749.0,2.1578947368421053,4.711842105263158,3.0,3.06
BAKLA,2017,Spring,2.26,906.33,4.55,11.63,2687.0,2749.0,1.2814102564102565,3.235897435897436,3.43,1.54
BAKLA,2017,Summer,1.3,906.33,4.48,10.45,2687.0,2749.0,0.7250000000000001,1.875,2.26,1.35
BAKLA,2017,Fall,2.81,906.33,4.83,12.03,2687.0,2749.0,2.0,3.625,1.3,3.0
BAKLA,2018,Winter,3.07,1217.33,5.11,10.83,2127.0,2128.0,1.6842105263157894,4.453947368421052,2.81,3.43
BAKLA,2018,Spring,1.74,1217.33,5.46,11.08,2127.0,2128.0,0.8734177215189873,2.608860759493671,3.07,2.26
BAKLA,2018,Summer,1.38,1217.33,5.81,16.38,2127.0,2128.0,0.75,2.0,1.74,1.3
BAKLA,2019,Winter,5.1,1486.33,6.0,20.11,2147.0,2201.0,3.0493150684931507,7.147945205479453,1.38,2.81
BAKLA,2019,Spring,3.84,1486.33,6.44,19.3,2147.0,2201.0,2.484810126582279,5.19620253164557,5.1,3.07
BAKLA,2019,Summer,1.35,1486.33,6.38,15.79,2147.0,2201.0,0.7,2.0,3.84,1.74
BAKLA,2020,Winter,6.29,2226.67,6.57,12.12,1657.0,1627.0,3.687719298245614,8.894736842105264,1.35,1.38
BAKLA,2020,Spring,4.03,2226.67,5.51,11.39,1657.0,1627.0,2.347826086956522,5.7101449275362315,6.29,5.1
BAKLA,2021,Winter,7.13,6709.0,6.71,15.06,701.0,788.0,4.8,9.466666666666667,4.03,3.84
BAKLA,2021,Spring,4.27,6709.0,6.69,16.64,701.0,788.0,2.8333333333333335,5.713333333333333,7.13,1.35
BAKLA,2021,Summer,4.0,6709.0,7.34,18.58,701.0,788.0,2.5,5.5,4.27,6.29
BAKLA,2022,Winter,10.15,15353.33,13.29,46.48,763.0,784.0,5.095238095238095,15.214285714285714,4.0,4.03
BAKLA,2022,Spring,10.06,15353.33,21.62,68.26,763.0,784.0,4.4144736842105265,15.703947368421053,10.15,7.13
BAKLA,2022,Summer,5.1,15353.33,26.18,79.48,763.0,784.0,2.7,7.5,10.06,4.27
BAKLA,2022,Fall,10.8,15353.33,25.49,84.46,763.0,784.0,7.0,14.6,5.1,4.0
BAKLA,2023,Winter,14.81,10488.0,22.27,58.8,621.0,678.0,8.56338028169014,21.056338028169016,10.8,10.15
BAKLA,2023,Spring,16.03,10488.0,20.55,44.41,621.0,678.0,9.74025974025974,22.31168831168831,14.81,10.06
BAKLA,2023,Summer,12.82,10488.0,30.3,48.46,621.0,678.0,5.0,20.64864864864865,16.03,5.1
BAKLA,2024,Winter,26.92,11266.67,40.18,65.6,622.0,687.0,9.764705882352942,44.0735294117647,12.82,10.8
BAKLA,2024,Spring,22.79,11266.67,42.39,71.27,622.0,687.0,11.970588235294118,33.61764705882353,26.92,14.81
BAKLA,2024,Summer,32.72,11266.67,44.12,61.2,622.0,687.0,13.020408163265307,52.42857142857143,22.79,16.03
BAKLA,2024,Fall,28.69,11266.67,43.82,48.33,622.0,687.0,12.166666666666666,45.22222222222222,32.72,12.82
BAKLA,2025,Winter,45.65,14550.0,46.61,41.75,563.0,687.0,27.95,63.35,28.69,26.92
BAKLA,2026,Spring,62.31,,71.54,,973.69,700.0,51.11940298507463,73.50746268656717,45.65,22.79
BAKLA,2026,Summer,40.0,,66.72,,973.69,700.0,30.0,50.0,62.31,32.72
BEZELYE,2014,Spring,1.61,886.0,4.58,9.14,8830.0,8303.0,0.8999999999999999,2.3153846153846156,,
BEZELYE,2014,Summer,1.16,886.0,4.38,9.34,8830.0,8303.0,0.5,1.815,1.61,
BEZELYE,2014,Fall,1.88,886.0,4.24,8.99,8830.0,8303.0,0.75,3.0,1.16,
BEZELYE,2015,Spring,2.47,903.33,3.93,7.87,7355.0,7592.0,1.2924528301886793,3.654716981132075,1.88,
BEZELYE,2015,Summer,1.6,903.33,3.9,7.05,7355.0,7592.0,0.6259615384615385,2.5653846153846156,2.47,1.61
BEZELYE,2016,Spring,2.1,822.67,3.63,6.87,7065.0,7841.0,1.1777777777777778,3.0166666666666666,1.6,1.16
BEZELYE,2016,Summer,1.2,822.67,3.79,8.16,7065.0,7841.0,0.6384615384615384,1.7634615384615384,2.1,1.88
BEZELYE,2017,Spring,3.28,906.33,4.55,11.63,6715.0,7774.0,2.251923076923077,4.31025641025641,1.2,2.47
BEZELYE,2017,Summer,1.63,906.33,4.48,10.45,6715.0,7774.0,0.7938775510204081,2.4693877551020407,3.28,1.6
BEZELYE,2018,Winter,2.79,1217.33,5.11,10.83,6750.0,7510.0,1.62,3.96,1.63,2.1
BEZELYE,2018,Spring,1.86,1217.33,5.46,11.08,6750.0,7510.0,0.8936708860759492,2.8253164556962025,2.79,1.2
BEZELYE,2018,Summer,2.05,1217.33,5.81,16.38,6750.0,7510.0,0.790909090909091,3.313636363636364,1.86,3.28
BEZELYE,2019,Spring,4.73,1486.33,6.44,19.3,6650.0,7575.0,3.24,6.226666666666667,2.05,1.63
BEZELYE,2019,Summer,3.39,1486.33,6.38,15.79,6650.0,7575.0,1.7280000000000002,5.06,4.73,2.79
BEZELYE,2020,Spring,2.75,2226.67,5.51,11.39,8680.0,10378.0,1.7407407407407407,3.759259259259259,3.39,1.86
BEZELYE,2020,Summer,3.22,2226.67,5.98,12.05,8680.0,10378.0,1.8846153846153846,4.5576923076923075,2.75,2.05
BEZELYE,2021,Spring,4.21,6709.0,6.69,16.64,8110.0,9937.0,2.9044117647058822,5.514705882352941,3.22,4.73
BEZELYE,2021,Summer,2.74,6709.0,7.34,18.58,8110.0,9937.0,1.8017241379310345,3.6810344827586206,4.21,3.39
BEZELYE,2022,Spring,11.09,15353.33,21.62,68.26,8132.0,10000.0,6.8061224489795915,15.377551020408163,2.74,2.75
BEZELYE,2022,Summer,8.06,15353.33,26.18,79.48,8132.0,10000.0,4.984126984126984,11.134920634920634,11.09,3.22
BEZELYE,2023,Winter,12.63,10488.0,22.27,58.8,10356.0,13084.0,5.0,20.266666666666666,8.06,4.21
BEZELYE,2023,Spring,15.59,10488.0,20.55,44.41,10356.0,13084.0,9.25,21.923076923076923,12.63,2.74
BEZELYE,2023,Summer,15.12,10488.0,30.3,48.46,10356.0,13084.0,5.339285714285714,24.892857142857142,15.59,11.09
BEZELYE,2023,Fall,12.91,10488.0,39.39,61.63,10356.0,13084.0,5.0,20.818181818181817,15.12,8.06
BEZELYE,2024,Winter,25.8,11266.67,40.18,65.6,10000.0,12363.0,14.1,37.5,12.91,12.63
BEZELYE,2024,Spring,23.94,11266.67,42.39,71.27,10000.0,12363.0,14.253968253968255,33.61904761904762,25.8,15.59
BEZELYE,2024,Summer,23.65,11266.67,44.12,61.2,10000.0,12363.0,12.477272727272727,34.81818181818182,23.94,15.12
BEZELYE,2024,Fall,22.42,11266.67,43.82,48.33,10000.0,12363.0,12.23076923076923,32.61538461538461,23.65,12.91
BEZELYE,2025,Winter,22.62,14550.0,46.61,41.75,9514.0,14196.0,12.375,32.875,22.42,25.8
BEZELYE,2025,Spring,34.67,14550.0,46.68,37.09,9514.0,14196.0,25.434782608695652,43.91304347826087,22.62,23.94
BEZELYE,2025,Summer,23.4,14550.0,52.69,33.82,9514.0,14196.0,13.61111111111111,33.19444444444444,34.67,23.65
BEZELYE,2025,Fall,29.06,14550.0,56.39,32.39,9514.0,14196.0,20.625,37.5,23.4,22.42
BEZELYE,2026,Winter,31.67,,57.15,28.72,9104.96,14195.99,23.333333333333332,40.0,29.06,22.62
BEZELYE,2026,Spring,60.69,,71.54,,9104.96,14195.99,45.0,76.37931034482759,31.67,34.67
BEZELYE,2026,Summer,42.5,,66.72,,9104.96,14195.99,35.0,50.0,60.69,23.4
BIBER SIVRI,2014,Winter,2.5,886.0,4.54,7.05,9687.0,22286.0,1.45,3.542857142857143,,
BIBER SIVRI,2014,Spring,1.81,886.0,4.58,9.14,9687.0,22286.0,0.982258064516129,2.633870967741936,2.5,
BIBER SIVRI,2014,Summer,1.13,886.0,4.38,9.34,9687.0,22286.0,0.49126984126984125,1.7761904761904763,1.81,
BIBER SIVRI,2014,Fall,1.34,886.0,4.24,8.99,9687.0,22286.0,0.5015384615384616,2.1876923076923074,1.13,
BIBER SIVRI,2015,Winter,2.18,903.33,3.75,7.65,9831.0,23754.0,1.0453846153846154,3.3200000000000003,1.34,2.5
BIBER SIVRI,2015,Spring,2.68,903.33,3.93,7.87,9831.0,23754.0,1.490625,3.865625,2.18,1.81
BIBER SIVRI,2015,Summer,1.12,903.33,3.9,7.05,9831.0,23754.0,0.44189189189189193,1.7972972972972974,2.68,1.13
BIBER SIVRI,2015,Fall,1.4,903.33,3.84,7.88,9831.0,23754.0,0.5534246575342465,2.2479452054794518,1.12,1.34
BIBER SIVRI,2016,Winter,2.46,822.67,3.48,9.06,9784.0,23522.0,1.2756410256410255,3.6397435897435892,1.4,2.18
BIBER SIVRI,2016,Spring,2.09,822.67,3.63,6.87,9784.0,23522.0,1.1549382716049383,3.033333333333333,2.46,2.68
BIBER SIVRI,2016,Summer,1.42,822.67,3.79,8.16,9784.0,23522.0,0.7786666666666666,2.0693333333333332,2.09,1.12
BIBER SIVRI,2016,Fall,1.79,822.67,4.13,7.15,9784.0,23522.0,0.9054794520547944,2.671232876712329,1.42,1.4
BIBER SIVRI,2017,Winter,3.38,906.33,4.59,9.3,8880.0,20435.0,2.125,4.63421052631579,1.79,2.46
BIBER SIVRI,2017,Spring,3.45,906.33,4.55,11.63,8880.0,20435.0,2.1006410256410257,4.792307692307692,3.38,2.09
BIBER SIVRI,2017,Summer,1.58,906.33,4.48,10.45,8880.0,20435.0,0.7223684210526315,2.430263157894737,3.45,1.42
BIBER SIVRI,2017,Fall,2.23,906.33,4.83,12.03,8880.0,20435.0,1.1443037974683545,3.3063291139240505,1.58,1.79
BIBER SIVRI,2018,Winter,2.18,1217.33,5.11,10.83,9073.0,21343.0,1.061842105263158,3.289473684210526,2.23,3.38
BIBER SIVRI,2018,Spring,2.16,1217.33,5.46,11.08,9073.0,21343.0,1.040506329113924,3.2873417721518985,2.18,3.45
BIBER SIVRI,2018,Summer,1.85,1217.33,5.81,16.38,9073.0,21343.0,0.7378378378378379,2.9716216216216216,2.16,1.58
BIBER SIVRI,2018,Fall,2.67,1217.33,6.34,23.78,9073.0,21343.0,1.3628205128205129,3.9730769230769227,1.85,2.23
BIBER SIVRI,2019,Winter,5.19,1486.33,6.0,20.11,9265.0,22271.0,3.1272727272727274,7.254545454545455,2.67,2.18
BIBER SIVRI,2019,Spring,5.6,1486.33,6.44,19.3,9265.0,22271.0,3.334177215189873,7.8734177215189876,5.19,2.16
BIBER SIVRI,2019,Summer,2.48,1486.33,6.38,15.79,9265.0,22271.0,0.8283783783783784,4.14054054054054,5.6,1.85
BIBER SIVRI,2019,Fall,2.35,1486.33,6.53,9.46,9265.0,22271.0,0.935064935064935,3.7688311688311686,2.48,2.67
BIBER SIVRI,2020,Winter,3.48,2226.67,6.57,12.12,9445.0,28495.0,1.9389610389610392,5.025974025974026,2.35,5.19
BIBER SIVRI,2020,Spring,4.75,2226.67,5.51,11.39,9445.0,28495.0,2.7756944444444445,6.726388888888889,3.48,5.6
BIBER SIVRI,2020,Summer,3.42,2226.67,5.98,12.05,9445.0,28495.0,2.0783783783783787,4.762162162162162,4.75,2.48
BIBER SIVRI,2020,Fall,4.06,2226.67,6.2,12.56,9445.0,28495.0,2.3922077922077922,5.7259740259740255,3.42,2.35
BIBER SIVRI,2021,Winter,4.69,6709.0,6.71,15.06,6815.0,21753.0,3.1,6.281578947368421,4.06,3.48
BIBER SIVRI,2021,Spring,5.87,6709.0,6.69,16.64,6815.0,21753.0,3.953333333333333,7.781333333333333,4.69,4.75
BIBER SIVRI,2021,Summer,3.52,6709.0,7.34,18.58,6815.0,21753.0,2.178,4.866666666666666,5.87,3.42
BIBER SIVRI,2021,Fall,4.73,6709.0,7.99,20.27,6815.0,21753.0,1.3253246753246752,8.12987012987013,3.52,4.06
BIBER SIVRI,2022,Winter,10.67,15353.33,13.29,46.48,6093.0,20185.0,3.998026315789474,17.342105263157894,4.73,4.69
BIBER SIVRI,2022,Spring,15.08,15353.33,21.62,68.26,6093.0,20185.0,6.618421052631579,23.532894736842106,10.67,5.87
BIBER SIVRI,2022,Summer,10.97,15353.33,26.18,79.48,6093.0,20185.0,6.259740259740259,15.675324675324676,15.08,3.52
BIBER SIVRI,2022,Fall,17.68,15353.33,25.49,84.46,6093.0,20185.0,10.051948051948052,25.2987012987013,10.97,4.73
BIBER SIVRI,2023,Winter,22.27,10488.0,22.27,58.8,6533.0,20556.0,10.25974025974026,34.27272727272727,17.68,10.67
BIBER SIVRI,2023,Spring,23.24,10488.0,20.55,44.41,6533.0,20556.0,11.012987012987013,35.467532467532465,22.27,15.08
BIBER SIVRI,2023,Summer,21.74,10488.0,30.3,48.46,6533.0,20556.0,8.605263157894736,34.88157894736842,23.24,10.97
BIBER SIVRI,2023,Fall,23.72,10488.0,39.39,61.63,6533.0,20556.0,10.0,37.44871794871795,21.74,17.68
BIBER SIVRI,2024,Winter,37.88,11266.67,40.18,65.6,6825.0,19136.0,13.753246753246753,62.0,23.72,22.27
BIBER SIVRI,2024,Spring,31.64,11266.67,42.39,71.27,6825.0,19136.0,17.29113924050633,45.9873417721519,37.88,23.24
BIBER SIVRI,2024,Summer,35.37,11266.67,44.12,61.2,6825.0,19136.0,17.84,52.89333333333333,31.64,21.74
BIBER SIVRI,2024,Fall,42.75,11266.67,43.82,48.33,6825.0,19136.0,24.013333333333332,61.48,35.37,23.72
BIBER SIVRI,2025,Winter,59.69,14550.0,46.61,41.75,6010.0,16790.0,36.81818181818182,82.57142857142857,42.75,37.88
BIBER SIVRI,2025,Spring,59.46,14550.0,46.68,37.09,6010.0,16790.0,37.848101265822784,81.07594936708861,59.69,31.64
BIBER SIVRI,2025,Summer,36.48,14550.0,52.69,33.82,6010.0,16790.0,19.539473684210527,53.421052631578945,59.46,35.37
BIBER SIVRI,2025,Fall,39.12,14550.0,56.39,32.39,6010.0,16790.0,24.87012987012987,53.37662337662338,36.48,42.75
BIBER SIVRI,2026,Winter,45.33,,57.15,28.72,7255.35,17359.0,32.63157894736842,58.026315789473685,39.12,59.69
BIBER SIVRI,2026,Spring,86.3,,71.54,,7255.35,17359.0,67.46575342465754,105.13698630136986,45.33,59.46
BIBER SIVRI,2026,Summer,51.35,,66.72,,7255.35,17359.0,39.4,63.3,86.3,36.48
BROKOLI,2014,Winter,1.19,886.0,4.54,7.05,3060.0,7073.0,0.6726190476190477,1.7166666666666666,,
BROKOLI,2014,Spring,2.05,886.0,4.58,9.14,3060.0,7073.0,1.153225806451613,2.9387096774193546,1.19,
BROKOLI,2014,Summer,1.79,886.0,4.38,9.34,3060.0,7073.0,0.8611111111111112,2.7222222222222223,2.05,
BROKOLI,2014,Fall,1.66,886.0,4.24,8.99,3060.0,7073.0,0.8385245901639344,2.4803278688524593,1.79,
BROKOLI,2015,Winter,1.58,903.33,3.75,7.65,5840.0,12074.0,0.8153846153846154,2.350769230769231,1.66,1.19
BROKOLI,2015,Spring,2.46,903.33,3.93,7.87,5840.0,12074.0,1.39140625,3.528125,1.58,2.05
BROKOLI,2015,Summer,2.39,903.33,3.9,7.05,5840.0,12074.0,1.2651162790697674,3.506976744186047,2.46,1.79
BROKOLI,2015,Fall,1.72,903.33,3.84,7.88,5840.0,12074.0,0.8582191780821917,2.56986301369863,2.39,1.66
BROKOLI,2016,Winter,1.49,822.67,3.48,9.06,8470.0,18230.0,0.7852564102564102,2.1884615384615382,1.72,1.58
BROKOLI,2016,Spring,1.94,822.67,3.63,6.87,8470.0,18230.0,1.0265432098765432,2.845679012345679,1.49,2.46
BROKOLI,2016,Summer,2.85,822.67,3.79,8.16,8470.0,18230.0,1.55,4.15,1.94,2.39
BROKOLI,2016,Fall,1.91,822.67,4.13,7.15,8470.0,18230.0,1.0016129032258065,2.8225806451612905,2.85,1.72
BROKOLI,2017,Winter,1.89,906.33,4.59,9.3,11265.0,26680.0,1.0671052631578946,2.7210526315789476,1.91,1.49
BROKOLI,2017,Spring,1.9,906.33,4.55,11.63,11265.0,26680.0,1.0171428571428571,2.7842857142857143,1.89,1.94
BROKOLI,2017,Fall,2.39,906.33,4.83,12.03,11265.0,26680.0,1.3025974025974025,3.4844155844155846,1.9,2.85
BROKOLI,2018,Winter,1.48,1217.33,5.11,10.83,12730.0,26242.0,0.6894736842105263,2.2736842105263158,2.39,1.91
BROKOLI,2018,Spring,3.38,1217.33,5.46,11.08,12730.0,26242.0,1.7826086956521738,4.967391304347826,1.48,1.89
BROKOLI,2018,Fall,2.48,1217.33,6.34,23.78,12730.0,26242.0,1.28,3.6784615384615384,3.38,1.9
BROKOLI,2019,Winter,2.71,1486.33,6.0,20.11,14730.0,34717.0,1.5311688311688312,3.8844155844155845,2.48,2.39
BROKOLI,2019,Spring,3.5,1486.33,6.44,19.3,14730.0,34717.0,2.1278481012658226,4.869620253164557,2.71,1.48
BROKOLI,2019,Summer,3.62,1486.33,6.38,15.79,14730.0,34717.0,2.25,5.0,3.5,3.38
BROKOLI,2019,Fall,3.21,1486.33,6.53,9.46,14730.0,34717.0,1.9272727272727272,4.502597402597402,3.62,2.48
BROKOLI,2020,Winter,2.14,2226.67,6.57,12.12,16310.0,38993.0,0.9896103896103896,3.2857142857142856,3.21,2.71
BROKOLI,2020,Spring,6.42,2226.67,5.51,11.39,16310.0,38993.0,3.5391304347826087,9.302898550724638,2.14,3.5
BROKOLI,2020,Fall,4.35,2226.67,6.2,12.56,16310.0,38993.0,3.0083333333333333,5.7,6.42,3.62
BROKOLI,2021,Winter,2.7,6709.0,6.71,15.06,19469.0,45476.0,1.6092105263157894,3.788157894736842,4.35,3.21
BROKOLI,2021,Spring,4.26,6709.0,6.69,16.64,19469.0,45476.0,2.7733333333333334,5.745333333333333,2.7,2.14
BROKOLI,2021,Summer,6.21,6709.0,7.34,18.58,19469.0,45476.0,3.924,8.5,4.26,6.42
BROKOLI,2021,Fall,5.57,6709.0,7.99,20.27,19469.0,45476.0,2.592857142857143,8.537532467532467,6.21,4.35
BROKOLI,2022,Winter,5.8,15353.33,13.29,46.48,19043.0,46636.0,2.392105263157895,9.201315789473684,5.57,2.7
BROKOLI,2022,Spring,8.64,15353.33,21.62,68.26,19043.0,46636.0,3.5657894736842106,13.723684210526315,5.8,4.26
BROKOLI,2022,Summer,12.27,15353.33,26.18,79.48,19043.0,46636.0,7.783783783783784,16.75,8.64,6.21
BROKOLI,2022,Fall,10.37,15353.33,25.49,84.46,19043.0,46636.0,6.103896103896104,14.642857142857142,12.27,5.57
BROKOLI,2023,Winter,8.64,10488.0,22.27,58.8,19254.0,44246.0,4.961038961038961,12.311688311688311,10.37,5.8
BROKOLI,2023,Spring,14.9,10488.0,20.55,44.41,19254.0,44246.0,8.922077922077921,20.87012987012987,8.64,8.64
BROKOLI,2023,Summer,31.76,10488.0,30.3,48.46,19254.0,44246.0,13.947368421052632,49.56578947368421,14.9,12.27
BROKOLI,2023,Fall,23.83,10488.0,39.39,61.63,19254.0,44246.0,12.564102564102564,35.08974358974359,31.76,10.37
BROKOLI,2024,Winter,23.97,11266.67,40.18,65.6,23919.0,58608.0,10.636363636363637,37.311688311688314,23.83,8.64
BROKOLI,2024,Spring,27.12,11266.67,42.39,71.27,23919.0,58608.0,14.721518987341772,39.51898734177215,23.97,14.9
BROKOLI,2024,Summer,39.77,11266.67,44.12,61.2,23919.0,58608.0,20.786666666666665,58.74666666666667,27.12,31.76
BROKOLI,2024,Fall,37.9,11266.67,43.82,48.33,23919.0,58608.0,23.36,52.44,39.77,23.83
BROKOLI,2025,Winter,36.0,14550.0,46.61,41.75,34867.0,86630.0,23.380281690140844,48.61971830985915,37.9,23.97
BROKOLI,2025,Spring,32.54,14550.0,46.68,37.09,34867.0,86630.0,19.366197183098592,45.70422535211268,36.0,27.12
BROKOLI,2025,Summer,40.33,14550.0,52.69,33.82,34867.0,86630.0,26.57894736842105,54.078947368421055,32.54,39.77
BROKOLI,2025,Fall,43.65,14550.0,56.39,32.39,34867.0,86630.0,30.34722222222222,56.94444444444444,40.33,37.9
BROKOLI,2026,Winter,38.75,,57.15,28.72,26485.97,86629.84,26.554054054054053,50.945945945945944,43.65,36.0
BROKOLI,2026,Spring,62.6,,71.54,,26485.97,86629.84,47.80821917808219,77.3972602739726,38.75,32.54
BROKOLI,2026,Summer,89.55,,66.72,,26485.97,86629.84,62.1,117.0,62.6,40.33
DOMATES SALKIM,2014,Winter,2.32,886.0,4.54,7.05,25449.0,173029.0,1.380952380952381,3.2595238095238095,,
DOMATES SALKIM,2014,Spring,2.01,886.0,4.58,9.14,25449.0,173029.0,1.0741935483870966,2.946774193548387,2.32,
DOMATES SALKIM,2014,Summer,1.27,886.0,4.38,9.34,25449.0,173029.0,0.6452380952380952,1.8873015873015875,2.01,
DOMATES SALKIM,2014,Fall,2.25,886.0,4.24,8.99,25449.0,173029.0,1.2784615384615383,3.226153846153846,1.27,
DOMATES SALKIM,2015,Winter,2.21,903.33,3.75,7.65,23721.0,161085.0,1.2407692307692308,3.186153846153846,2.25,2.32
DOMATES SALKIM,2015,Spring,2.32,903.33,3.93,7.87,23721.0,161085.0,1.2140625,3.4234375,2.21,2.01
DOMATES SALKIM,2015,Summer,1.3,903.33,3.9,7.05,23721.0,161085.0,0.6385135135135135,1.956756756756757,2.32,1.27
DOMATES SALKIM,2015,Fall,2.09,903.33,3.84,7.88,23721.0,161085.0,1.132876712328767,3.0465753424657533,1.3,2.25
DOMATES SALKIM,2016,Winter,2.39,822.67,3.48,9.06,24349.0,197136.0,1.3987179487179486,3.37948717948718,2.09,2.21
DOMATES SALKIM,2016,Spring,1.92,822.67,3.63,6.87,24349.0,197136.0,1.0246913580246915,2.818518518518519,2.39,2.32
DOMATES SALKIM,2016,Summer,1.85,822.67,3.79,8.16,24349.0,197136.0,1.012,2.6946666666666665,1.92,1.3
DOMATES SALKIM,2016,Fall,2.78,822.67,4.13,7.15,24349.0,197136.0,1.6013698630136988,3.964383561643835,1.85,2.09
DOMATES SALKIM,2017,Winter,3.27,906.33,4.59,9.3,24187.0,194678.0,1.956578947368421,4.582894736842105,2.78,2.39
DOMATES SALKIM,2017,Spring,3.2,906.33,4.55,11.63,24187.0,194678.0,1.8794871794871795,4.515384615384615,3.27,1.92
DOMATES SALKIM,2017,Summer,1.65,906.33,4.48,10.45,24187.0,194678.0,0.7223684210526315,2.5736842105263156,3.2,1.85
DOMATES SALKIM,2017,Fall,2.87,906.33,4.83,12.03,24187.0,194678.0,1.560759493670886,4.178481012658228,1.65,2.78
DOMATES SALKIM,2018,Winter,3.88,1217.33,5.11,10.83,20367.0,167445.0,2.4407894736842106,5.309210526315789,2.87,3.27
DOMATES SALKIM,2018,Spring,2.91,1217.33,5.46,11.08,20367.0,167445.0,1.668354430379747,4.153164556962025,3.88,3.2
DOMATES SALKIM,2018,Summer,2.65,1217.33,5.81,16.38,20367.0,167445.0,1.1635135135135135,4.136486486486487,2.91,1.65
DOMATES SALKIM,2018,Fall,4.06,1217.33,6.34,23.78,20367.0,167445.0,2.276923076923077,5.8500000000000005,2.65,2.87
DOMATES SALKIM,2019,Winter,4.04,1486.33,6.0,20.11,19699.0,160635.0,2.5064935064935066,5.5636363636363635,4.06,3.88
DOMATES SALKIM,2019,Spring,3.9,1486.33,6.44,19.3,19699.0,160635.0,2.3556962025316457,5.437974683544304,4.04,2.91
DOMATES SALKIM,2019,Summer,2.39,1486.33,6.38,15.79,19699.0,160635.0,1.008108108108108,3.7675675675675677,3.9,2.65
DOMATES SALKIM,2019,Fall,3.27,1486.33,6.53,9.46,19699.0,160635.0,1.6467532467532466,4.894805194805195,2.39,4.06
DOMATES SALKIM,2020,Winter,4.6,2226.67,6.57,12.12,21730.0,159018.0,2.7441558441558445,6.45974025974026,3.27,4.04
DOMATES SALKIM,2020,Spring,3.27,2226.67,5.51,11.39,21730.0,159018.0,1.9430555555555555,4.5875,4.6,3.9
DOMATES SALKIM,2020,Summer,2.19,2226.67,5.98,12.05,21730.0,159018.0,1.3986486486486487,2.97972972972973,3.27,2.39
DOMATES SALKIM,2020,Fall,2.91,2226.67,6.2,12.56,21730.0,159018.0,1.7077922077922079,4.1103896103896105,2.19,3.27
DOMATES SALKIM,2021,Winter,2.95,6709.0,6.71,15.06,10663.0,76110.0,1.905263157894737,3.9921052631578946,2.91,4.6
DOMATES SALKIM,2021,Spring,3.86,6709.0,6.69,16.64,10663.0,76110.0,2.498666666666667,5.213333333333333,2.95,3.27
DOMATES SALKIM,2021,Summer,3.49,6709.0,7.34,18.58,10663.0,76110.0,2.211333333333333,4.777333333333334,3.86,2.19
DOMATES SALKIM,2021,Fall,6.36,6709.0,7.99,20.27,10663.0,76110.0,3.1307792207792207,9.597922077922078,3.49,2.91
DOMATES SALKIM,2022,Winter,8.01,15353.33,13.29,46.48,9386.0,78032.0,3.8289473684210527,12.18421052631579,6.36,2.95
DOMATES SALKIM,2022,Spring,11.63,15353.33,21.62,68.26,9386.0,78032.0,4.848684210526316,18.414473684210527,8.01,3.86
DOMATES SALKIM,2022,Summer,9.26,15353.33,26.18,79.48,9386.0,78032.0,4.928571428571429,13.587662337662337,11.63,3.49
DOMATES SALKIM,2022,Fall,11.75,15353.33,25.49,84.46,9386.0,78032.0,6.454545454545454,17.051948051948052,9.26,6.36
DOMATES SALKIM,2023,Winter,14.81,10488.0,22.27,58.8,9029.0,75721.0,8.058441558441558,21.571428571428573,11.75,8.01
DOMATES SALKIM,2023,Spring,14.96,10488.0,20.55,44.41,9029.0,75721.0,8.077922077922079,21.844155844155843,14.81,11.63
DOMATES SALKIM,2023,Summer,20.95,10488.0,30.3,48.46,9029.0,75721.0,10.697368421052632,31.19736842105263,14.96,9.26
DOMATES SALKIM,2023,Fall,22.53,10488.0,39.39,61.63,9029.0,75721.0,12.0,33.05128205128205,20.95,11.75
DOMATES SALKIM,2024,Winter,26.17,11266.67,40.18,65.6,20165.0,139094.0,14.545454545454545,37.79220779220779,22.53,14.81
DOMATES SALKIM,2024,Spring,24.06,11266.67,42.39,71.27,20165.0,139094.0,14.924050632911392,33.18987341772152,26.17,14.96
DOMATES SALKIM,2024,Summer,26.24,11266.67,44.12,61.2,20165.0,139094.0,12.706666666666667,39.77333333333333,24.06,20.95
DOMATES SALKIM,2024,Fall,34.42,11266.67,43.82,48.33,20165.0,139094.0,20.14666666666667,48.693333333333335,26.24,22.53
DOMATES SALKIM,2025,Winter,41.45,14550.0,46.61,41.75,22893.0,162946.0,28.928571428571427,53.97142857142857,34.42,26.17
DOMATES SALKIM,2025,Spring,32.06,14550.0,46.68,37.09,22893.0,162946.0,20.073529411764707,44.044117647058826,41.45,24.06
DOMATES SALKIM,2025,Summer,28.35,14550.0,52.69,33.82,22893.0,162946.0,16.5,40.2,32.06,26.24
DOMATES SALKIM,2025,Fall,34.5,14550.0,56.39,32.39,22893.0,162946.0,20.75,48.25,28.35,34.42
DOMATES SALKIM,2026,Winter,50.48,,57.15,28.72,21927.35,162945.91,37.903225806451616,63.064516129032256,34.5,41.45
DOMATES SALKIM,2026,Spring,73.25,,71.54,,21927.35,162945.91,56.16438356164384,90.34246575342466,50.48,32.06
DOMATES SALKIM,2026,Summer,30.2,,66.72,,21927.35,162945.91,20.2,40.2,73.25,28.35
ISPANAK,2014,Winter,0.73,886.0,4.54,7.05,2600.0,2598.0,0.45714285714285713,1.0,,
ISPANAK,2014,Spring,0.77,886.0,4.58,9.14,2600.0,2598.0,0.4112903225806452,1.1338709677419354,0.73,
ISPANAK,2014,Summer,1.57,886.0,4.38,9.34,2600.0,2598.0,0.9841269841269841,2.1523809523809523,0.77,
ISPANAK,2014,Fall,1.34,886.0,4.24,8.99,2600.0,2598.0,0.7153846153846154,1.9661538461538461,1.57,
ISPANAK,2015,Winter,1.29,903.33,3.75,7.65,2420.0,2407.0,0.713076923076923,1.86,1.34,0.73
ISPANAK,2015,Spring,1.19,903.33,3.93,7.87,2420.0,2407.0,0.63671875,1.7515625,1.29,0.77
ISPANAK,2015,Summer,2.31,903.33,3.9,7.05,2420.0,2407.0,1.2459459459459459,3.3729729729729727,1.19,1.57
ISPANAK,2015,Fall,1.8,903.33,3.84,7.88,2420.0,2407.0,1.0493150684931507,2.541095890410959,2.31,1.34
ISPANAK,2016,Winter,1.11,822.67,3.48,9.06,2430.0,2480.0,0.5884615384615385,1.632051282051282,1.8,1.29
ISPANAK,2016,Spring,0.97,822.67,3.63,6.87,2430.0,2480.0,0.48518518518518516,1.4641975308641975,1.11,1.19
ISPANAK,2016,Summer,2.34,822.67,3.79,8.16,2430.0,2480.0,1.2613333333333332,3.4133333333333336,0.97,2.31
ISPANAK,2016,Fall,1.51,822.67,4.13,7.15,2430.0,2480.0,0.7821917808219179,2.23013698630137,2.34,1.8
ISPANAK,2017,Winter,1.25,906.33,4.59,9.3,7605.0,8936.0,0.7539473684210526,1.743421052631579,1.51,1.11
ISPANAK,2017,Spring,1.08,906.33,4.55,11.63,7605.0,8936.0,0.6083333333333334,1.5615384615384615,1.25,0.97
ISPANAK,2017,Summer,2.0,906.33,4.48,10.45,7605.0,8936.0,1.0355263157894736,2.9631578947368418,1.08,2.34
ISPANAK,2017,Fall,1.74,906.33,4.83,12.03,7605.0,8936.0,0.8962025316455696,2.5860759493670886,2.0,1.51
ISPANAK,2018,Winter,0.95,1217.33,5.11,10.83,7620.0,8967.0,0.5289473684210527,1.3776315789473685,1.74,1.25
ISPANAK,2018,Spring,1.51,1217.33,5.46,11.08,7620.0,8967.0,0.7316455696202532,2.292405063291139,0.95,1.08
ISPANAK,2018,Summer,3.07,1217.33,5.81,16.38,7620.0,8967.0,1.8310810810810811,4.308108108108108,1.51,2.0
ISPANAK,2018,Fall,1.94,1217.33,6.34,23.78,7620.0,8967.0,1.0025641025641026,2.873076923076923,3.07,1.74
ISPANAK,2019,Winter,2.66,1486.33,6.0,20.11,2195.0,2175.0,1.6233766233766234,3.6876623376623376,1.94,0.95
ISPANAK,2019,Spring,1.87,1486.33,6.44,19.3,2195.0,2175.0,1.058227848101266,2.6911392405063292,2.66,1.51
ISPANAK,2019,Summer,2.99,1486.33,6.38,15.79,2195.0,2175.0,1.614864864864865,4.3621621621621625,1.87,3.07
ISPANAK,2019,Fall,2.09,1486.33,6.53,9.46,2195.0,2175.0,1.1402597402597403,3.031168831168831,2.99,1.94
ISPANAK,2020,Winter,1.21,2226.67,6.57,12.12,1860.0,2048.0,0.6272727272727272,1.7935064935064935,2.09,2.66
ISPANAK,2020,Spring,1.85,2226.67,5.51,11.39,1860.0,2048.0,0.6194444444444445,3.084722222222222,1.21,1.87
ISPANAK,2020,Summer,2.89,2226.67,5.98,12.05,1860.0,2048.0,1.4189189189189189,4.363513513513513,1.85,2.99
ISPANAK,2020,Fall,2.77,2226.67,6.2,12.56,1860.0,2048.0,1.6883116883116882,3.8454545454545457,2.89,2.09
ISPANAK,2021,Winter,2.22,6709.0,6.71,15.06,1714.0,1905.0,1.2078947368421051,3.2302631578947367,2.77,1.21
ISPANAK,2021,Spring,1.98,6709.0,6.69,16.64,1714.0,1905.0,1.1079999999999999,2.86,2.22,1.85
ISPANAK,2021,Summer,3.5,6709.0,7.34,18.58,1714.0,1905.0,2.072,4.922666666666666,1.98,2.89
ISPANAK,2021,Fall,3.71,6709.0,7.99,20.27,1714.0,1905.0,1.5188311688311689,5.901168831168831,3.5,2.77
ISPANAK,2022,Winter,4.81,15353.33,13.29,46.48,1808.0,2015.0,2.330263157894737,7.291447368421053,3.71,2.22
ISPANAK,2022,Spring,5.55,15353.33,21.62,68.26,1808.0,2015.0,2.9539473684210527,8.147368421052633,4.81,1.98
ISPANAK,2022,Summer,7.38,15353.33,26.18,79.48,1808.0,2015.0,4.363636363636363,10.386363636363637,5.55,3.5
ISPANAK,2022,Fall,8.64,15353.33,25.49,84.46,1808.0,2015.0,4.87012987012987,12.415584415584416,7.38,3.71
ISPANAK,2023,Winter,7.44,10488.0,22.27,58.8,1910.0,2074.0,4.545454545454546,10.331168831168831,8.64,4.81
ISPANAK,2023,Spring,8.77,10488.0,20.55,44.41,1910.0,2074.0,4.1558441558441555,13.383116883116884,7.44,5.55
ISPANAK,2023,Summer,16.26,10488.0,30.3,48.46,1910.0,2074.0,5.947368421052632,26.57894736842105,8.77,7.38
ISPANAK,2023,Fall,14.79,10488.0,39.39,61.63,1910.0,2074.0,6.961538461538462,22.615384615384617,16.26,8.64
ISPANAK,2024,Winter,19.27,11266.67,40.18,65.6,1908.0,2032.0,7.792207792207792,30.753246753246753,14.79,7.44
ISPANAK,2024,Spring,16.56,11266.67,42.39,71.27,1908.0,2032.0,8.886075949367088,24.240506329113924,19.27,8.77
ISPANAK,2024,Summer,21.81,11266.67,44.12,61.2,1908.0,2032.0,12.506666666666666,31.106666666666666,16.56,16.26
ISPANAK,2024,Fall,24.9,11266.67,43.82,48.33,1908.0,2032.0,14.933333333333334,34.86666666666667,21.81,14.79
ISPANAK,2025,Winter,26.58,14550.0,46.61,41.75,1991.0,1938.0,15.74025974025974,37.42857142857143,24.9,19.27
ISPANAK,2025,Spring,25.76,14550.0,46.68,37.09,1991.0,1938.0,16.835443037974684,34.68354430379747,26.58,16.56
ISPANAK,2025,Summer,27.24,14550.0,52.69,33.82,1991.0,1938.0,15.526315789473685,38.94736842105263,25.76,21.81
ISPANAK,2025,Fall,27.73,14550.0,56.39,32.39,1991.0,1938.0,19.545454545454547,35.90909090909091,27.24,24.9
ISPANAK,2026,Winter,25.46,,57.15,28.72,2492.55,2238.0,19.144736842105264,31.776315789473685,27.73,26.58
ISPANAK,2026,Spring,41.58,,71.54,,2492.55,2238.0,29.589041095890412,53.56164383561644,25.46,25.76
ISPANAK,2026,Summer,74.3,,66.72,,2492.55,2238.0,54.5,94.1,41.58,27.24
KABAK TAZE,2014,Winter,1.63,886.0,4.54,7.05,2860.0,8240.0,1.1238095238095238,2.142857142857143,,
KABAK TAZE,2014,Spring,1.08,886.0,4.58,9.14,2860.0,8240.0,0.5403225806451613,1.6112903225806452,1.63,
KABAK TAZE,2014,Summer,0.85,886.0,4.38,9.34,2860.0,8240.0,0.4301587301587302,1.2603174603174603,1.08,
KABAK TAZE,2014,Fall,1.06,886.0,4.24,8.99,2860.0,8240.0,0.45076923076923076,1.6692307692307693,0.85,
KABAK TAZE,2015,Winter,2.04,903.33,3.75,7.65,2545.0,7130.0,1.0261538461538462,3.0523076923076924,1.06,1.63
KABAK TAZE,2015,Spring,1.46,903.33,3.93,7.87,2545.0,7130.0,0.746875,2.1671875,2.04,1.08
KABAK TAZE,2015,Summer,0.97,903.33,3.9,7.05,2545.0,7130.0,0.44189189189189193,1.5054054054054056,1.46,0.85
KABAK TAZE,2015,Fall,1.28,903.33,3.84,7.88,2545.0,7130.0,0.5910958904109589,1.973972602739726,0.97,1.06
KABAK TAZE,2016,Winter,2.06,822.67,3.48,9.06,2475.0,6931.0,1.1705128205128206,2.93974358974359,1.28,2.04
KABAK TAZE,2016,Spring,1.06,822.67,3.63,6.87,2475.0,6931.0,0.48271604938271606,1.6296296296296295,2.06,1.46
KABAK TAZE,2016,Summer,1.12,822.67,3.79,8.16,2475.0,6931.0,0.6133333333333333,1.6333333333333333,1.06,0.97
KABAK TAZE,2016,Fall,1.21,822.67,4.13,7.15,2475.0,6931.0,0.6643835616438356,1.7602739726027397,1.12,1.28
KABAK TAZE,2017,Winter,2.8,906.33,4.59,9.3,2615.0,7400.0,1.706578947368421,3.9026315789473687,1.21,2.06
KABAK TAZE,2017,Spring,1.5,906.33,4.55,11.63,2615.0,7400.0,0.876923076923077,2.126923076923077,2.8,1.06
KABAK TAZE,2017,Summer,1.08,906.33,4.48,10.45,2615.0,7400.0,0.5486842105263158,1.6078947368421053,1.5,1.12
KABAK TAZE,2017,Fall,1.59,906.33,4.83,12.03,2615.0,7400.0,0.7088607594936709,2.478481012658228,1.08,1.21
KABAK TAZE,2018,Winter,1.92,1217.33,5.11,10.83,2310.0,6439.0,0.8,3.0407894736842103,1.59,2.8
KABAK TAZE,2018,Spring,1.87,1217.33,5.46,11.08,2310.0,6439.0,0.7987341772151899,2.937974683544304,1.92,1.5
KABAK TAZE,2018,Summer,1.47,1217.33,5.81,16.38,2310.0,6439.0,0.677027027027027,2.2621621621621624,1.87,1.08
KABAK TAZE,2018,Fall,1.7,1217.33,6.34,23.78,2310.0,6439.0,0.7653846153846154,2.6423076923076922,1.47,1.59
KABAK TAZE,2019,Winter,3.53,1486.33,6.0,20.11,2050.0,5560.0,2.1103896103896105,4.955844155844156,1.7,1.92
KABAK TAZE,2019,Spring,2.43,1486.33,6.44,19.3,2050.0,5560.0,1.3670886075949367,3.4987341772151894,3.53,1.87
KABAK TAZE,2019,Summer,1.09,1486.33,6.38,15.79,2050.0,5560.0,0.5121621621621621,1.6635135135135135,2.43,1.47
KABAK TAZE,2019,Fall,1.73,1486.33,6.53,9.46,2050.0,5560.0,0.6714285714285715,2.7818181818181817,1.09,1.7
KABAK TAZE,2020,Winter,3.52,2226.67,6.57,12.12,1318.0,3023.0,2.011688311688312,5.031168831168831,1.73,3.53
KABAK TAZE,2020,Spring,3.18,2226.67,5.51,11.39,1318.0,3023.0,1.8430555555555554,4.522222222222222,3.52,2.43
KABAK TAZE,2020,Summer,2.09,2226.67,5.98,12.05,1318.0,3023.0,1.1945945945945946,2.9885135135135137,3.18,1.09
KABAK TAZE,2020,Fall,2.25,2226.67,6.2,12.56,1318.0,3023.0,1.1727272727272726,3.3337662337662337,2.09,1.73
KABAK TAZE,2021,Winter,3.83,6709.0,6.71,15.06,849.0,1879.0,2.331578947368421,5.326315789473685,2.25,3.52
KABAK TAZE,2021,Spring,3.06,6709.0,6.69,16.64,849.0,1879.0,2.092,4.025333333333333,3.83,3.18
KABAK TAZE,2021,Summer,3.59,6709.0,7.34,18.58,849.0,1879.0,2.348,4.828,3.06,2.09
KABAK TAZE,2021,Fall,3.61,6709.0,7.99,20.27,849.0,1879.0,1.1538961038961038,6.05974025974026,3.59,2.25
KABAK TAZE,2022,Winter,7.98,15353.33,13.29,46.48,753.0,1847.0,3.058552631578947,12.892105263157895,3.61,3.83
KABAK TAZE,2022,Spring,10.34,15353.33,21.62,68.26,753.0,1847.0,4.315789473684211,16.355263157894736,7.98,3.06
KABAK TAZE,2022,Summer,7.45,15353.33,26.18,79.48,753.0,1847.0,3.5454545454545454,11.35064935064935,10.34,3.59
KABAK TAZE,2022,Fall,9.77,15353.33,25.49,84.46,753.0,1847.0,4.662337662337662,14.883116883116884,7.45,3.61
KABAK TAZE,2023,Winter,14.51,10488.0,22.27,58.8,651.0,1485.0,8.662337662337663,20.357142857142858,9.77,7.98
KABAK TAZE,2023,Spring,17.44,10488.0,20.55,44.41,651.0,1485.0,9.7012987012987,25.16883116883117,14.51,10.34
KABAK TAZE,2023,Summer,18.99,10488.0,30.3,48.46,651.0,1485.0,10.0,27.973684210526315,17.44,7.45
KABAK TAZE,2023,Fall,19.34,10488.0,39.39,61.63,651.0,1485.0,10.0,28.67948717948718,18.99,9.77
KABAK TAZE,2024,Winter,25.99,11266.67,40.18,65.6,899.0,2070.0,11.831168831168831,40.142857142857146,19.34,14.51
KABAK TAZE,2024,Spring,18.68,11266.67,42.39,71.27,899.0,2070.0,11.227848101265822,26.126582278481013,25.99,17.44
KABAK TAZE,2024,Summer,25.37,11266.67,44.12,61.2,899.0,2070.0,13.613333333333333,37.12,18.68,18.99
KABAK TAZE,2024,Fall,30.16,11266.67,43.82,48.33,899.0,2070.0,16.973333333333333,43.346666666666664,25.37,19.34
KABAK TAZE,2025,Winter,32.44,14550.0,46.61,41.75,808.0,1845.0,21.61038961038961,43.25974025974026,30.16,25.99
KABAK TAZE,2025,Spring,34.18,14550.0,46.68,37.09,808.0,1845.0,23.037974683544302,45.31645569620253,32.44,18.68
KABAK TAZE,2025,Summer,23.06,14550.0,52.69,33.82,808.0,1845.0,14.539473684210526,31.57894736842105,34.18,25.37
KABAK TAZE,2025,Fall,25.71,14550.0,56.39,32.39,808.0,1845.0,17.272727272727273,34.15584415584416,23.06,30.16
KABAK TAZE,2026,Winter,55.95,,57.15,28.72,1160.44,1954.0,41.71052631578947,70.19736842105263,25.71,32.44
KABAK TAZE,2026,Spring,41.37,,71.54,,1160.44,1954.0,31.027397260273972,51.71232876712329,55.95,34.18
KABAK TAZE,2026,Summer,26.15,,66.72,,1160.44,1954.0,16.6,35.7,41.37,23.06
KARNABAHAR,2014,Winter,0.73,886.0,4.54,7.05,6310.0,18840.0,0.4357142857142857,1.0154761904761904,,
KARNABAHAR,2014,Spring,1.86,886.0,4.58,9.14,6310.0,18840.0,1.1346774193548386,2.575806451612903,0.73,
KARNABAHAR,2014,Summer,1.81,886.0,4.38,9.34,6310.0,18840.0,1.0,2.625,1.86,
KARNABAHAR,2014,Fall,1.4,886.0,4.24,8.99,6310.0,18840.0,0.7384615384615384,2.0653846153846156,1.81,
KARNABAHAR,2015,Winter,1.23,903.33,3.75,7.65,8700.0,27530.0,0.6630769230769231,1.790769230769231,1.4,0.73
KARNABAHAR,2015,Spring,2.07,903.33,3.93,7.87,8700.0,27530.0,1.175,2.9625,1.23,1.86
KARNABAHAR,2015,Summer,1.66,903.33,3.9,7.05,8700.0,27530.0,1.0208333333333333,2.2916666666666665,2.07,1.81
KARNABAHAR,2015,Fall,1.63,903.33,3.84,7.88,8700.0,27530.0,0.9452054794520548,2.319178082191781,1.66,1.4
KARNABAHAR,2016,Winter,1.45,822.67,3.48,9.06,10320.0,33585.0,0.7916666666666666,2.1025641025641026,1.63,1.23
KARNABAHAR,2016,Spring,1.21,822.67,3.63,6.87,10320.0,33585.0,0.5950617283950618,1.8246913580246915,1.45,2.07
KARNABAHAR,2016,Summer,1.9,822.67,3.79,8.16,10320.0,33585.0,0.9546666666666666,2.8426666666666667,1.21,1.66
KARNABAHAR,2016,Fall,1.64,822.67,4.13,7.15,10320.0,33585.0,0.8287671232876712,2.452054794520548,1.9,1.63
KARNABAHAR,2017,Winter,1.53,906.33,4.59,9.3,10820.0,35035.0,0.8763157894736842,2.1750000000000003,1.64,1.45
KARNABAHAR,2017,Spring,1.24,906.33,4.55,11.63,10820.0,35035.0,0.7415584415584415,1.7454545454545456,1.53,1.21
KARNABAHAR,2017,Summer,1.1,906.33,4.48,10.45,10820.0,35035.0,0.6,1.6000000000000003,1.24,1.9
KARNABAHAR,2017,Fall,1.54,906.33,4.83,12.03,10820.0,35035.0,0.8714285714285713,2.205194805194805,1.1,1.64
KARNABAHAR,2018,Winter,0.94,1217.33,5.11,10.83,15420.0,45935.0,0.4328947368421052,1.444736842105263,1.54,1.53
KARNABAHAR,2018,Spring,1.82,1217.33,5.46,11.08,15420.0,45935.0,0.9427083333333334,2.704166666666667,0.94,1.24
KARNABAHAR,2018,Fall,1.94,1217.33,6.34,23.78,15420.0,45935.0,0.9016129032258065,2.9709677419354836,1.82,1.1
KARNABAHAR,2019,Winter,1.83,1486.33,6.0,20.11,17120.0,52285.0,0.9623376623376623,2.6948051948051948,1.94,1.54
KARNABAHAR,2019,Spring,2.61,1486.33,6.44,19.3,17120.0,52285.0,1.5658227848101267,3.6481012658227847,1.83,0.94
KARNABAHAR,2019,Summer,2.1,1486.33,6.38,15.79,17120.0,52285.0,1.2,3.0,2.61,1.82
KARNABAHAR,2019,Fall,1.69,1486.33,6.53,9.46,17120.0,52285.0,0.8236842105263158,2.5605263157894735,2.1,1.94
KARNABAHAR,2020,Winter,1.54,2226.67,6.57,12.12,16370.0,33785.0,0.674025974025974,2.414285714285714,1.69,1.83
KARNABAHAR,2020,Spring,2.49,2226.67,5.51,11.39,16370.0,33785.0,0.8608695652173913,4.1173913043478265,1.54,2.61
KARNABAHAR,2020,Fall,3.43,2226.67,6.2,12.56,16370.0,33785.0,2.1666666666666665,4.6866666666666665,2.49,2.1
KARNABAHAR,2021,Winter,2.03,6709.0,6.71,15.06,20405.0,49082.0,1.118421052631579,2.9394736842105265,3.43,1.69
KARNABAHAR,2021,Spring,2.68,6709.0,6.69,16.64,20405.0,49082.0,1.7693333333333332,3.5919999999999996,2.03,1.54
KARNABAHAR,2021,Summer,3.24,6709.0,7.34,18.58,20405.0,49082.0,2.0,4.473684210526316,2.68,2.49
KARNABAHAR,2021,Fall,4.17,6709.0,7.99,20.27,20405.0,49082.0,1.6142857142857143,6.7162500000000005,3.24,3.43
KARNABAHAR,2022,Winter,3.47,15353.33,13.29,46.48,20685.0,47935.0,1.5730263157894737,5.359210526315789,4.17,2.03
KARNABAHAR,2022,Spring,6.65,15353.33,21.62,68.26,20685.0,47935.0,3.5526315789473686,9.743421052631579,3.47,2.68
KARNABAHAR,2022,Summer,9.29,15353.33,26.18,79.48,20685.0,47935.0,5.935064935064935,12.636363636363637,6.65,3.24
KARNABAHAR,2022,Fall,8.76,15353.33,25.49,84.46,20685.0,47935.0,4.740259740259741,12.772727272727273,9.29,4.17
KARNABAHAR,2023,Winter,7.38,10488.0,22.27,58.8,20463.0,47759.0,3.844155844155844,10.915584415584416,8.76,3.47
KARNABAHAR,2023,Spring,8.78,10488.0,20.55,44.41,20463.0,47759.0,4.909090909090909,12.642857142857142,7.38,6.65
KARNABAHAR,2023,Summer,21.91,10488.0,30.3,48.46,20463.0,47759.0,12.894736842105264,30.92105263157895,8.78,9.29
KARNABAHAR,2023,Fall,19.36,10488.0,39.39,61.63,20463.0,47759.0,13.58974358974359,25.128205128205128,21.91,8.76
KARNABAHAR,2024,Winter,18.17,11266.67,40.18,65.6,26363.0,60304.0,9.285714285714286,27.051948051948052,19.36,7.38
KARNABAHAR,2024,Spring,18.13,11266.67,42.39,71.27,26363.0,60304.0,11.50632911392405,24.759493670886076,18.17,8.78
KARNABAHAR,2024,Summer,27.44,11266.67,44.12,61.2,26363.0,60304.0,15.786666666666667,39.093333333333334,18.13,21.91
KARNABAHAR,2024,Fall,28.43,11266.67,43.82,48.33,26363.0,60304.0,17.226666666666667,39.626666666666665,27.44,19.36
KARNABAHAR,2025,Winter,33.1,14550.0,46.61,41.75,30112.0,105655.0,22.47887323943662,43.71830985915493,28.43,18.17
KARNABAHAR,2025,Spring,27.92,14550.0,46.68,37.09,30112.0,105655.0,17.323943661971832,38.521126760563384,33.1,18.13
KARNABAHAR,2025,Summer,33.38,14550.0,52.69,33.82,30112.0,105655.0,20.405405405405407,46.351351351351354,27.92,27.44
KARNABAHAR,2025,Fall,36.71,14550.0,56.39,32.39,30112.0,105655.0,24.916666666666668,48.5,33.38,28.43
KARNABAHAR,2026,Winter,19.28,,57.15,28.72,24511.7,105654.8,13.219178082191782,25.34246575342466,36.71,33.1
KARNABAHAR,2026,Spring,31.4,,71.54,,24511.7,105654.8,24.589041095890412,38.21917808219178,19.28,27.92
KARNABAHAR,2026,Summer,58.5,,66.72,,24511.7,105654.8,41.8,75.2,31.4,33.38
KARPUZ,2014,Spring,1.17,886.0,4.58,9.14,43760.0,215145.0,0.6387755102040816,1.7061224489795916,,
KARPUZ,2014,Summer,0.38,886.0,4.38,9.34,43760.0,215145.0,0.2222222222222222,0.5357142857142857,1.17,
KARPUZ,2014,Fall,0.4,886.0,4.24,8.99,43760.0,215145.0,0.17983870967741936,0.621774193548387,0.38,
KARPUZ,2015,Spring,1.45,903.33,3.93,7.87,40950.0,204193.0,0.8207547169811321,2.0830188679245283,0.4,
KARPUZ,2015,Summer,0.34,903.33,3.9,7.05,40950.0,204193.0,0.19121621621621623,0.48986486486486486,1.45,1.17
KARPUZ,2015,Fall,0.51,903.33,3.84,7.88,40950.0,204193.0,0.3,0.7242857142857142,0.34,0.38
KARPUZ,2016,Winter,2.25,822.67,3.48,9.06,40110.0,187345.0,1.5,3.0,0.51,0.4
KARPUZ,2016,Spring,1.48,822.67,3.63,6.87,40110.0,187345.0,0.869375,2.0925000000000002,2.25,1.45
KARPUZ,2016,Summer,0.56,822.67,3.79,8.16,40110.0,187345.0,0.3106666666666667,0.7946666666666666,1.48,0.34
KARPUZ,2016,Fall,0.43,822.67,4.13,7.15,40110.0,187345.0,0.25,0.6,0.56,0.51
KARPUZ,2017,Spring,2.26,906.33,4.55,11.63,39070.0,183110.0,1.5970149253731343,2.9208955223880597,0.43,2.25
KARPUZ,2017,Summer,0.52,906.33,4.48,10.45,39070.0,183110.0,0.2743421052631579,0.7539473684210526,2.26,1.48
KARPUZ,2017,Fall,0.48,906.33,4.83,12.03,39070.0,183110.0,0.2459016393442623,0.7,0.52,0.56
KARPUZ,2018,Winter,2.94,1217.33,5.11,10.83,28040.0,139475.0,2.0,3.878125,0.48,0.43
KARPUZ,2018,Spring,1.93,1217.33,5.46,11.08,28040.0,139475.0,1.2544303797468355,2.6025316455696204,2.94,2.26
KARPUZ,2018,Summer,0.71,1217.33,5.81,16.38,28040.0,139475.0,0.35,1.0641891891891893,1.93,0.52
KARPUZ,2018,Fall,1.41,1217.33,6.34,23.78,28040.0,139475.0,0.51,2.3085714285714283,0.71,0.48
KARPUZ,2019,Winter,2.9,1486.33,6.0,20.11,24790.0,122232.0,2.0,3.8,1.41,2.94
KARPUZ,2019,Spring,2.72,1486.33,6.44,19.3,24790.0,122232.0,1.7734177215189872,3.6696202531645565,2.9,1.93
KARPUZ,2019,Summer,0.76,1486.33,6.38,15.79,24790.0,122232.0,0.3972972972972973,1.1189189189189188,2.72,0.71
KARPUZ,2019,Fall,0.67,1486.33,6.53,9.46,24790.0,122232.0,0.32499999999999996,1.0115384615384615,0.76,1.41
KARPUZ,2020,Spring,4.39,2226.67,5.51,11.39,7880.0,30428.0,3.517543859649123,5.270175438596491,0.67,2.9
KARPUZ,2020,Summer,0.99,2226.67,5.98,12.05,7880.0,30428.0,0.5445945945945946,1.4337837837837837,4.39,2.72
KARPUZ,2020,Fall,1.2,2226.67,6.2,12.56,7880.0,30428.0,0.573076923076923,1.823076923076923,0.99,0.76
KARPUZ,2021,Spring,4.35,6709.0,6.69,16.64,7248.0,30101.0,3.0725806451612905,5.630645161290323,1.2,0.67
KARPUZ,2021,Summer,1.14,6709.0,7.34,18.58,7248.0,30101.0,0.5088,1.7773333333333334,4.35,4.39
KARPUZ,2021,Fall,1.23,6709.0,7.99,20.27,7248.0,30101.0,0.3983606557377049,2.060655737704918,1.14,0.99
KARPUZ,2022,Winter,3.92,15353.33,13.29,46.48,10007.0,42520.0,2.4375,5.40625,1.23,1.2
KARPUZ,2022,Spring,8.41,15353.33,21.62,68.26,10007.0,42520.0,4.928571428571429,11.885714285714286,3.92,4.35
KARPUZ,2022,Summer,3.61,15353.33,26.18,79.48,10007.0,42520.0,1.6883116883116882,5.537662337662337,8.41,1.14
KARPUZ,2022,Fall,3.44,15353.33,25.49,84.46,10007.0,42520.0,1.4527027027027026,5.436486486486487,3.61,1.23
KARPUZ,2023,Winter,13.21,10488.0,22.27,58.8,7436.0,30616.0,7.666666666666667,18.75,3.44,3.92
KARPUZ,2023,Spring,13.69,10488.0,20.55,44.41,7436.0,30616.0,8.324675324675324,19.051948051948052,13.21,8.41
KARPUZ,2023,Summer,8.23,10488.0,30.3,48.46,7436.0,30616.0,3.289473684210526,13.171052631578947,13.69,3.61
KARPUZ,2023,Fall,7.96,10488.0,39.39,61.63,7436.0,30616.0,3.0,12.923076923076923,8.23,3.44
KARPUZ,2024,Winter,16.66,11266.67,40.18,65.6,8339.0,33645.0,7.8311688311688314,25.48051948051948,7.96,13.21
KARPUZ,2024,Spring,20.39,11266.67,42.39,71.27,8339.0,33645.0,13.354430379746836,27.417721518987342,16.66,13.69
KARPUZ,2024,Summer,14.33,11266.67,44.12,61.2,8339.0,33645.0,8.04,20.613333333333333,20.39,8.23
KARPUZ,2024,Fall,13.77,11266.67,43.82,48.33,8339.0,33645.0,8.12,19.426666666666666,14.33,7.96
KARPUZ,2025,Winter,21.44,14550.0,46.61,41.75,11287.0,50782.0,14.25974025974026,28.623376623376622,13.77,16.66
KARPUZ,2025,Spring,26.44,14550.0,46.68,37.09,11287.0,50782.0,15.708860759493671,37.17088607594937,21.44,20.39
KARPUZ,2025,Summer,13.18,14550.0,52.69,33.82,11287.0,50782.0,7.855263157894737,18.5,26.44,14.33
KARPUZ,2025,Fall,14.37,14550.0,56.39,32.39,11287.0,50782.0,8.051948051948052,20.68831168831169,13.18,13.77
KARPUZ,2026,Winter,30.08,,57.15,28.72,13813.72,50782.01,21.263157894736842,38.89473684210526,14.37,21.44
KARPUZ,2026,Spring,50.31,,71.54,,13813.72,50782.01,32.465753424657535,68.15068493150685,30.08,26.44
KARPUZ,2026,Summer,16.88,,66.72,,13813.72,50782.01,11.08,22.68,50.31,13.18
LAHANA BEYAZ,2014,Winter,0.6,886.0,4.54,7.05,6080.0,21488.0,0.3880952380952381,0.8011904761904761,,
LAHANA BEYAZ,2014,Spring,0.52,886.0,4.58,9.14,6080.0,21488.0,0.27741935483870966,0.7612903225806452,0.6,
LAHANA BEYAZ,2014,Summer,0.67,886.0,4.38,9.34,6080.0,21488.0,0.35873015873015873,0.9825396825396825,0.52,
LAHANA BEYAZ,2014,Fall,0.68,886.0,4.24,8.99,6080.0,21488.0,0.3630769230769231,0.9923076923076923,0.67,
LAHANA BEYAZ,2015,Winter,0.74,903.33,3.75,7.65,5810.0,20513.0,0.38153846153846155,1.0984615384615386,0.68,0.6
LAHANA BEYAZ,2015,Spring,1.58,903.33,3.93,7.87,5810.0,20513.0,0.9828125,2.184375,0.74,0.52
LAHANA BEYAZ,2015,Summer,0.89,903.33,3.9,7.05,5810.0,20513.0,0.5331081081081082,1.2378378378378379,1.58,0.67
LAHANA BEYAZ,2015,Fall,0.78,903.33,3.84,7.88,5810.0,20513.0,0.44931506849315067,1.1205479452054794,0.89,0.68
LAHANA BEYAZ,2016,Winter,0.78,822.67,3.48,9.06,6200.0,22074.0,0.4807692307692308,1.0743589743589743,0.78,0.74
LAHANA BEYAZ,2016,Spring,0.71,822.67,3.63,6.87,6200.0,22074.0,0.39876543209876547,1.025925925925926,0.78,1.58
LAHANA BEYAZ,2016,Summer,0.74,822.67,3.79,8.16,6200.0,22074.0,0.45466666666666666,1.022,0.71,0.89
LAHANA BEYAZ,2016,Fall,0.79,822.67,4.13,7.15,6200.0,22074.0,0.44931506849315067,1.1356164383561644,0.74,0.78
LAHANA BEYAZ,2017,Winter,0.75,906.33,4.59,9.3,6313.0,22531.0,0.42368421052631583,1.069736842105263,0.79,0.78
LAHANA BEYAZ,2017,Spring,0.85,906.33,4.55,11.63,6313.0,22531.0,0.45,1.241025641025641,0.75,0.71
LAHANA BEYAZ,2017,Summer,0.85,906.33,4.48,10.45,6313.0,22531.0,0.4302631578947369,1.2644736842105262,0.85,0.74
LAHANA BEYAZ,2017,Fall,0.96,906.33,4.83,12.03,6313.0,22531.0,0.510126582278481,1.4126582278481012,0.85,0.79
LAHANA BEYAZ,2018,Winter,0.76,1217.33,5.11,10.83,4393.0,15350.0,0.4973684210526315,1.0250000000000001,0.96,0.75
LAHANA BEYAZ,2018,Spring,0.66,1217.33,5.46,11.08,4393.0,15350.0,0.3759493670886076,0.9335443037974683,0.76,0.85
LAHANA BEYAZ,2018,Summer,0.94,1217.33,5.81,16.38,4393.0,15350.0,0.5256756756756756,1.345945945945946,0.66,0.85
LAHANA BEYAZ,2018,Fall,1.01,1217.33,6.34,23.78,4393.0,15350.0,0.5628205128205128,1.4615384615384615,0.94,0.96
LAHANA BEYAZ,2019,Winter,1.0,1486.33,6.0,20.11,4493.0,15751.0,0.551948051948052,1.4422077922077923,1.01,0.76
LAHANA BEYAZ,2019,Spring,2.51,1486.33,6.44,19.3,4493.0,15751.0,1.4658227848101266,3.5607594936708864,1.0,0.66
LAHANA BEYAZ,2019,Summer,1.12,1486.33,6.38,15.79,4493.0,15751.0,0.6324324324324324,1.6094594594594593,2.51,0.94
LAHANA BEYAZ,2019,Fall,0.92,1486.33,6.53,9.46,4493.0,15751.0,0.4922077922077922,1.3506493506493507,1.12,1.01
LAHANA BEYAZ,2020,Winter,0.71,2226.67,6.57,12.12,5528.0,17641.0,0.4051948051948052,1.0220779220779221,0.92,1.0
LAHANA BEYAZ,2020,Spring,0.99,2226.67,5.51,11.39,5528.0,17641.0,0.5,1.4847222222222223,0.71,2.51
LAHANA BEYAZ,2020,Summer,1.21,2226.67,5.98,12.05,5528.0,17641.0,0.5864864864864865,1.8243243243243243,0.99,1.12
LAHANA BEYAZ,2020,Fall,1.41,2226.67,6.2,12.56,5528.0,17641.0,0.787012987012987,2.0324675324675323,1.21,0.92
LAHANA BEYAZ,2021,Winter,1.22,6709.0,6.71,15.06,4439.0,16071.0,0.7381578947368421,1.7118421052631578,1.41,0.71
LAHANA BEYAZ,2021,Spring,1.0,6709.0,6.69,16.64,4439.0,16071.0,0.54,1.4573333333333334,1.22,0.99
LAHANA BEYAZ,2021,Summer,1.57,6709.0,7.34,18.58,4439.0,16071.0,0.9733333333333334,2.1693333333333333,1.0,1.21
LAHANA BEYAZ,2021,Fall,2.15,6709.0,7.99,20.27,4439.0,16071.0,0.8233766233766233,3.4681818181818183,1.57,1.41
LAHANA BEYAZ,2022,Winter,3.62,15353.33,13.29,46.48,4855.0,18854.0,1.7592105263157893,5.480263157894737,2.15,1.22
LAHANA BEYAZ,2022,Spring,5.59,15353.33,21.62,68.26,4855.0,18854.0,3.460526315789474,7.717105263157895,3.62,1.0
LAHANA BEYAZ,2022,Summer,4.89,15353.33,26.18,79.48,4855.0,18854.0,3.0779220779220777,6.694805194805195,5.59,1.57
LAHANA BEYAZ,2022,Fall,5.64,15353.33,25.49,84.46,4855.0,18854.0,2.9220779220779223,8.36038961038961,4.89,2.15
LAHANA BEYAZ,2023,Winter,5.97,10488.0,22.27,58.8,5953.0,24245.0,3.3896103896103895,8.545454545454545,5.64,3.62
LAHANA BEYAZ,2023,Spring,4.81,10488.0,20.55,44.41,5953.0,24245.0,2.5454545454545454,7.077922077922078,5.97,5.59
LAHANA BEYAZ,2023,Summer,13.12,10488.0,30.3,48.46,5953.0,24245.0,5.671052631578948,20.57894736842105,4.81,4.89
LAHANA BEYAZ,2023,Fall,14.26,10488.0,39.39,61.63,5953.0,24245.0,7.6923076923076925,20.833333333333332,13.12,5.64
LAHANA BEYAZ,2024,Winter,13.61,11266.67,40.18,65.6,7967.0,32126.0,6.376623376623376,20.844155844155843,14.26,5.97
LAHANA BEYAZ,2024,Spring,9.59,11266.67,42.39,71.27,7967.0,32126.0,5.772151898734177,13.417721518987342,13.61,4.81
LAHANA BEYAZ,2024,Summer,12.73,11266.67,44.12,61.2,7967.0,32126.0,7.173333333333333,18.293333333333333,9.59,13.12
LAHANA BEYAZ,2024,Fall,13.47,11266.67,43.82,48.33,7967.0,32126.0,7.6,19.333333333333332,12.73,14.26
LAHANA BEYAZ,2025,Winter,18.05,14550.0,46.61,41.75,6496.0,25613.0,9.688311688311689,26.415584415584416,13.47,13.61
LAHANA BEYAZ,2025,Spring,15.92,14550.0,46.68,37.09,6496.0,25613.0,9.367088607594937,22.468354430379748,18.05,9.59
LAHANA BEYAZ,2025,Summer,16.35,14550.0,52.69,33.82,6496.0,25613.0,10.0,22.69736842105263,15.92,12.73
LAHANA BEYAZ,2025,Fall,17.63,14550.0,56.39,32.39,6496.0,25613.0,11.233766233766234,24.025974025974026,16.35,13.47
LAHANA BEYAZ,2026,Winter,13.85,,57.15,28.72,6125.11,25612.99,10.31578947368421,17.38157894736842,17.63,18.05
LAHANA BEYAZ,2026,Spring,20.35,,71.54,,6125.11,25612.99,13.972602739726028,26.726027397260275,13.85,15.92
LAHANA BEYAZ,2026,Summer,29.2,,66.72,,6125.11,25612.99,21.2,37.2,20.35,16.35
LAHANA KIRMIZI,2014,Winter,0.71,886.0,4.54,7.05,760.0,1588.0,0.40476190476190477,1.0214285714285714,,
LAHANA KIRMIZI,2014,Spring,0.54,886.0,4.58,9.14,760.0,1588.0,0.2782258064516129,0.7919354838709678,0.71,
LAHANA KIRMIZI,2014,Summer,0.58,886.0,4.38,9.34,760.0,1588.0,0.30634920634920637,0.8571428571428571,0.54,
LAHANA KIRMIZI,2014,Fall,0.61,886.0,4.24,8.99,760.0,1588.0,0.29615384615384616,0.9261538461538462,0.58,
LAHANA KIRMIZI,2015,Winter,0.69,903.33,3.75,7.65,895.0,1860.0,0.33999999999999997,1.0476923076923077,0.61,0.71
LAHANA KIRMIZI,2015,Spring,2.3,903.33,3.93,7.87,895.0,1860.0,1.5484375,3.0546875,0.69,0.54
LAHANA KIRMIZI,2015,Summer,0.93,903.33,3.9,7.05,895.0,1860.0,0.5391891891891891,1.3121621621621622,2.3,0.58
LAHANA KIRMIZI,2015,Fall,0.67,903.33,3.84,7.88,895.0,1860.0,0.37602739726027395,0.9726027397260274,0.93,0.61
LAHANA KIRMIZI,2016,Winter,0.96,822.67,3.48,9.06,1305.0,3148.0,0.6128205128205128,1.3128205128205128,0.67,0.69
LAHANA KIRMIZI,2016,Spring,0.83,822.67,3.63,6.87,1305.0,3148.0,0.4987654320987654,1.154320987654321,0.96,2.3
LAHANA KIRMIZI,2016,Summer,0.79,822.67,3.79,8.16,1305.0,3148.0,0.4613333333333334,1.12,0.83,0.93
LAHANA KIRMIZI,2016,Fall,0.76,822.67,4.13,7.15,1305.0,3148.0,0.4246575342465753,1.1013698630136988,0.79,0.67
LAHANA KIRMIZI,2017,Winter,1.01,906.33,4.59,9.3,2105.0,5120.0,0.5605263157894737,1.4684210526315788,0.76,0.96
LAHANA KIRMIZI,2017,Spring,0.94,906.33,4.55,11.63,2105.0,5120.0,0.4993589743589744,1.3705128205128205,1.01,0.83
LAHANA KIRMIZI,2017,Summer,0.86,906.33,4.48,10.45,2105.0,5120.0,0.4342105263157895,1.2881578947368422,0.94,0.79
LAHANA KIRMIZI,2017,Fall,0.89,906.33,4.83,12.03,2105.0,5120.0,0.4594936708860759,1.3240506329113924,0.86,0.76
LAHANA KIRMIZI,2018,Winter,0.76,1217.33,5.11,10.83,1865.0,4500.0,0.5,1.0276315789473685,0.89,1.01
LAHANA KIRMIZI,2018,Spring,0.67,1217.33,5.46,11.08,1865.0,4500.0,0.3886075949367089,0.9537974683544304,0.76,0.94
LAHANA KIRMIZI,2018,Summer,0.74,1217.33,5.81,16.38,1865.0,4500.0,0.4040540540540541,1.0729729729729731,0.67,0.86
LAHANA KIRMIZI,2018,Fall,1.12,1217.33,6.34,23.78,1865.0,4500.0,0.5846153846153846,1.6487179487179486,0.74,0.89
LAHANA KIRMIZI,2019,Winter,1.43,1486.33,6.0,20.11,1885.0,4550.0,0.7363636363636364,2.125974025974026,1.12,0.76
LAHANA KIRMIZI,2019,Spring,3.27,1486.33,6.44,19.3,1885.0,4550.0,2.037974683544304,4.5050632911392405,1.43,0.67
LAHANA KIRMIZI,2019,Summer,1.16,1486.33,6.38,15.79,1885.0,4550.0,0.5932432432432432,1.733783783783784,3.27,0.74
LAHANA KIRMIZI,2019,Fall,0.91,1486.33,6.53,9.46,1885.0,4550.0,0.4558441558441559,1.3584415584415583,1.16,1.12
LAHANA KIRMIZI,2020,Winter,0.83,2226.67,6.57,12.12,1835.0,4920.0,0.4116883116883117,1.2402597402597402,0.91,1.43
LAHANA KIRMIZI,2020,Spring,1.3,2226.67,5.51,11.39,1835.0,4920.0,0.5916666666666667,2.0152777777777775,0.83,3.27
LAHANA KIRMIZI,2020,Summer,1.34,2226.67,5.98,12.05,1835.0,4920.0,0.6635135135135135,2.0081081081081082,1.3,1.16
LAHANA KIRMIZI,2020,Fall,1.51,2226.67,6.2,12.56,1835.0,4920.0,0.7441558441558441,2.272727272727273,1.34,0.91
LAHANA KIRMIZI,2021,Winter,1.71,6709.0,6.71,15.06,1727.0,4656.0,1.068421052631579,2.3460526315789476,1.51,0.83
LAHANA KIRMIZI,2021,Spring,1.05,6709.0,6.69,16.64,1727.0,4656.0,0.548,1.5533333333333332,1.71,1.3
LAHANA KIRMIZI,2021,Summer,1.78,6709.0,7.34,18.58,1727.0,4656.0,1.016,2.538,1.05,1.34
LAHANA KIRMIZI,2021,Fall,2.94,6709.0,7.99,20.27,1727.0,4656.0,1.5915584415584416,4.288311688311688,1.78,1.51
LAHANA KIRMIZI,2022,Winter,3.55,15353.33,13.29,46.48,1741.0,4766.0,1.9901315789473684,5.117105263157894,2.94,1.71
LAHANA KIRMIZI,2022,Spring,5.74,15353.33,21.62,68.26,1741.0,4766.0,3.0723684210526314,8.403947368421052,3.55,1.05
LAHANA KIRMIZI,2022,Summer,5.8,15353.33,26.18,79.48,1741.0,4766.0,3.675324675324675,7.928571428571429,5.74,1.78
LAHANA KIRMIZI,2022,Fall,5.33,15353.33,25.49,84.46,1741.0,4766.0,2.948051948051948,7.720779220779221,5.8,2.94
LAHANA KIRMIZI,2023,Winter,5.91,10488.0,22.27,58.8,1892.0,4204.0,3.168831168831169,8.655844155844155,5.33,3.55
LAHANA KIRMIZI,2023,Spring,5.87,10488.0,20.55,44.41,1892.0,4204.0,3.7467532467532467,8.0,5.91,5.74
LAHANA KIRMIZI,2023,Summer,13.78,10488.0,30.3,48.46,1892.0,4204.0,5.690789473684211,21.86842105263158,5.87,5.8
LAHANA KIRMIZI,2023,Fall,15.06,10488.0,39.39,61.63,1892.0,4204.0,8.0,22.115384615384617,13.78,5.33
LAHANA KIRMIZI,2024,Winter,13.99,11266.67,40.18,65.6,2346.0,5628.0,8.558441558441558,19.428571428571427,15.06,5.91
LAHANA KIRMIZI,2024,Spring,11.63,11266.67,42.39,71.27,2346.0,5628.0,6.632911392405063,16.620253164556964,13.99,5.87
LAHANA KIRMIZI,2024,Summer,13.62,11266.67,44.12,61.2,2346.0,5628.0,7.306666666666667,19.933333333333334,11.63,13.78
LAHANA KIRMIZI,2024,Fall,16.13,11266.67,43.82,48.33,2346.0,5628.0,8.626666666666667,23.64,13.62,15.06
LAHANA KIRMIZI,2025,Winter,27.99,14550.0,46.61,41.75,3868.0,9819.0,16.233766233766232,39.753246753246756,16.13,13.99
LAHANA KIRMIZI,2025,Spring,21.8,14550.0,46.68,37.09,3868.0,9819.0,13.354430379746836,30.253164556962027,27.99,11.63
LAHANA KIRMIZI,2025,Summer,18.39,14550.0,52.69,33.82,3868.0,9819.0,11.907894736842104,24.86842105263158,21.8,13.62
LAHANA KIRMIZI,2025,Fall,20.68,14550.0,56.39,32.39,3868.0,9819.0,13.636363636363637,27.727272727272727,18.39,16.13
LAHANA KIRMIZI,2026,Winter,16.86,,57.15,28.72,2940.06,9938.98,12.105263157894736,21.61842105263158,20.68,27.99
LAHANA KIRMIZI,2026,Spring,55.55,,71.54,,2940.06,9938.98,41.16438356164384,69.93150684931507,16.86,21.8
LAHANA KIRMIZI,2026,Summer,36.75,,66.72,,2940.06,9938.98,27.7,45.8,55.55,18.39
MARUL,2014,Winter,1.1,886.0,4.54,7.05,5946.0,15448.0,0.5928571428571429,1.6047619047619048,,
MARUL,2014,Spring,0.83,886.0,4.58,9.14,5946.0,15448.0,0.4532258064516129,1.2080645161290324,1.1,
MARUL,2014,Summer,0.87,886.0,4.38,9.34,5946.0,15448.0,0.4777777777777778,1.2603174603174605,0.83,
MARUL,2014,Fall,1.04,886.0,4.24,8.99,5946.0,15448.0,0.5276923076923077,1.5507692307692307,0.87,
MARUL,2015,Winter,1.18,903.33,3.75,7.65,6041.0,15484.0,0.6469230769230769,1.713846153846154,1.04,1.1
MARUL,2015,Spring,1.36,903.33,3.93,7.87,6041.0,15484.0,0.703125,2.00625,1.18,0.83
MARUL,2015,Summer,0.81,903.33,3.9,7.05,6041.0,15484.0,0.43243243243243246,1.1885135135135136,1.36,0.87
MARUL,2015,Fall,1.01,903.33,3.84,7.88,6041.0,15484.0,0.5383561643835616,1.4835616438356165,0.81,1.04
MARUL,2016,Winter,1.22,822.67,3.48,9.06,6057.0,15445.0,0.6871794871794872,1.746153846153846,1.01,1.18
MARUL,2016,Spring,0.85,822.67,3.63,6.87,6057.0,15445.0,0.47407407407407404,1.2259259259259259,1.22,1.36
MARUL,2016,Summer,0.97,822.67,3.79,8.16,6057.0,15445.0,0.56,1.3773333333333333,0.85,0.81
MARUL,2016,Fall,1.06,822.67,4.13,7.15,6057.0,15445.0,0.5575342465753425,1.5561643835616437,0.97,1.01
MARUL,2017,Winter,1.44,906.33,4.59,9.3,6092.0,15657.0,0.7618421052631579,2.1171052631578946,1.06,1.22
MARUL,2017,Spring,1.1,906.33,4.55,11.63,6092.0,15657.0,0.589102564102564,1.601923076923077,1.44,0.85
MARUL,2017,Summer,1.01,906.33,4.48,10.45,6092.0,15657.0,0.5302631578947368,1.4901315789473684,1.1,0.97
MARUL,2017,Fall,1.08,906.33,4.83,12.03,6092.0,15657.0,0.5012658227848101,1.6645569620253164,1.01,1.06
MARUL,2018,Winter,1.21,1217.33,5.11,10.83,4578.0,11105.0,0.5276315789473685,1.8934210526315791,1.08,1.44
MARUL,2018,Spring,1.32,1217.33,5.46,11.08,4578.0,11105.0,0.6905063291139241,1.9531645569620255,1.21,1.1
MARUL,2018,Summer,1.3,1217.33,5.81,16.38,4578.0,11105.0,0.6027027027027028,1.9864864864864864,1.32,1.01
MARUL,2018,Fall,1.23,1217.33,6.34,23.78,4578.0,11105.0,0.5974358974358974,1.860897435897436,1.3,1.08
MARUL,2019,Winter,1.9,1486.33,6.0,20.11,4906.0,11550.0,0.9409090909090909,2.8545454545454545,1.23,1.21
MARUL,2019,Spring,1.68,1486.33,6.44,19.3,4906.0,11550.0,1.020253164556962,2.339873417721519,1.9,1.32
MARUL,2019,Summer,1.37,1486.33,6.38,15.79,4906.0,11550.0,0.6621621621621622,2.0837837837837836,1.68,1.3
MARUL,2019,Fall,1.29,1486.33,6.53,9.46,4906.0,11550.0,0.6116883116883117,1.9655844155844155,1.37,1.23
MARUL,2020,Winter,1.53,2226.67,6.57,12.12,4705.0,9983.0,0.7805194805194805,2.2857142857142856,1.29,1.9
MARUL,2020,Spring,1.5,2226.67,5.51,11.39,4705.0,9983.0,0.7430555555555556,2.2645833333333334,1.53,1.68
MARUL,2020,Summer,1.48,2226.67,5.98,12.05,4705.0,9983.0,0.7432432432432432,2.225,1.5,1.37
MARUL,2020,Fall,1.81,2226.67,6.2,12.56,4705.0,9983.0,0.9233766233766233,2.690909090909091,1.48,1.29
MARUL,2021,Winter,1.81,6709.0,6.71,15.06,4193.0,11094.0,0.8828947368421054,2.728815789473684,1.81,1.53
MARUL,2021,Spring,1.93,6709.0,6.69,16.64,4193.0,11094.0,1.0,2.85,1.81,1.5
MARUL,2021,Summer,2.39,6709.0,7.34,18.58,4193.0,11094.0,1.4872,3.2894666666666668,1.93,1.48
MARUL,2021,Fall,3.42,6709.0,7.99,20.27,4193.0,11094.0,1.9789610389610388,4.861558441558441,2.39,1.81
MARUL,2022,Winter,3.42,15353.33,13.29,46.48,6764.0,15204.0,2.1335526315789473,4.711184210526316,3.42,1.81
MARUL,2022,Spring,5.87,15353.33,21.62,68.26,6764.0,15204.0,2.861842105263158,8.881578947368421,3.42,1.93
MARUL,2022,Summer,4.24,15353.33,26.18,79.48,6764.0,15204.0,2.0259740259740258,6.461038961038961,5.87,2.39
MARUL,2022,Fall,5.46,15353.33,25.49,84.46,6764.0,15204.0,2.6103896103896105,8.318181818181818,4.24,3.42
MARUL,2023,Winter,7.48,10488.0,22.27,58.8,7973.0,15728.0,4.1688311688311686,10.792207792207792,5.46,3.42
MARUL,2023,Spring,8.39,10488.0,20.55,44.41,7973.0,15728.0,4.51948051948052,12.25974025974026,7.48,5.87
MARUL,2023,Summer,16.53,10488.0,30.3,48.46,7973.0,15728.0,5.4868421052631575,27.57894736842105,8.39,4.24
MARUL,2023,Fall,18.1,10488.0,39.39,61.63,7973.0,15728.0,9.615384615384615,26.58974358974359,16.53,5.46
MARUL,2024,Winter,14.94,11266.67,40.18,65.6,10201.0,19301.0,7.2727272727272725,22.61038961038961,18.1,7.48
MARUL,2024,Spring,14.96,11266.67,42.39,71.27,10201.0,19301.0,9.177215189873417,20.746835443037973,14.94,8.39
MARUL,2024,Summer,16.86,11266.67,44.12,61.2,10201.0,19301.0,9.653333333333334,24.066666666666666,14.96,16.53
MARUL,2024,Fall,19.37,11266.67,43.82,48.33,10201.0,19301.0,9.746666666666666,29.0,16.86,18.1
MARUL,2025,Winter,21.47,14550.0,46.61,41.75,11912.0,47127.0,10.480519480519481,32.467532467532465,19.37,14.94
MARUL,2025,Spring,19.7,14550.0,46.68,37.09,11912.0,47127.0,10.632911392405063,28.759493670886076,21.47,14.96
MARUL,2025,Summer,18.2,14550.0,52.69,33.82,11912.0,47127.0,10.657894736842104,25.75,19.7,16.86
MARUL,2025,Fall,22.13,14550.0,56.39,32.39,11912.0,47127.0,13.506493506493506,30.753246753246753,18.2,19.37
MARUL,2026,Winter,19.54,,57.15,28.72,9845.41,47126.9,13.81578947368421,25.263157894736842,22.13,21.47
MARUL,2026,Spring,44.08,,71.54,,9845.41,47126.9,35.0,53.15068493150685,19.54,19.7
MARUL,2026,Summer,23.7,,66.72,,9845.41,47126.9,18.5,28.9,44.08,18.2
PATLICAN UZUN,2014,Winter,2.34,886.0,4.54,7.05,7329.0,22221.0,1.5,3.1761904761904765,,
PATLICAN UZUN,2014,Spring,1.58,886.0,4.58,9.14,7329.0,22221.0,0.8822580645161291,2.2790322580645164,2.34,
PATLICAN UZUN,2014,Summer,0.8,886.0,4.38,9.34,7329.0,22221.0,0.3619047619047619,1.2365079365079366,1.58,
PATLICAN UZUN,2014,Fall,1.06,886.0,4.24,8.99,7329.0,22221.0,0.45384615384615384,1.666153846153846,0.8,
PATLICAN UZUN,2015,Winter,2.31,903.33,3.75,7.65,6050.0,18084.0,1.1346153846153846,3.4815384615384617,1.06,2.34
PATLICAN UZUN,2015,Spring,1.84,903.33,3.93,7.87,6050.0,18084.0,0.978125,2.709375,2.31,1.58
PATLICAN UZUN,2015,Summer,0.99,903.33,3.9,7.05,6050.0,18084.0,0.4804054054054054,1.4905405405405405,1.84,0.8
PATLICAN UZUN,2015,Fall,1.2,903.33,3.84,7.88,6050.0,18084.0,0.541095890410959,1.856164383561644,0.99,1.06
PATLICAN UZUN,2016,Winter,2.19,822.67,3.48,9.06,6285.0,18909.0,1.1211538461538462,3.258974358974359,1.2,2.31
PATLICAN UZUN,2016,Spring,1.25,822.67,3.63,6.87,6285.0,18909.0,0.6283950617283951,1.8753086419753087,2.19,1.84
PATLICAN UZUN,2016,Summer,0.88,822.67,3.79,8.16,6285.0,18909.0,0.4666666666666667,1.2946666666666666,1.25,0.99
PATLICAN UZUN,2016,Fall,1.16,822.67,4.13,7.15,6285.0,18909.0,0.6410958904109588,1.6821917808219178,0.88,1.2
PATLICAN UZUN,2017,Winter,2.97,906.33,4.59,9.3,6846.0,20947.0,1.8368421052631578,4.1078947368421055,1.16,2.19
PATLICAN UZUN,2017,Spring,1.91,906.33,4.55,11.63,6846.0,20947.0,1.1358974358974359,2.68974358974359,2.97,1.25
PATLICAN UZUN,2017,Summer,1.05,906.33,4.48,10.45,6846.0,20947.0,0.5407894736842106,1.5605263157894735,1.91,0.88
PATLICAN UZUN,2017,Fall,1.57,906.33,4.83,12.03,6846.0,20947.0,0.7050632911392405,2.4367088607594938,1.05,1.16
PATLICAN UZUN,2018,Winter,2.41,1217.33,5.11,10.83,5992.0,18534.0,1.2473684210526315,3.568421052631579,1.57,2.97
PATLICAN UZUN,2018,Spring,1.71,1217.33,5.46,11.08,5992.0,18534.0,0.9031645569620252,2.5240506329113925,2.41,1.91
PATLICAN UZUN,2018,Summer,1.22,1217.33,5.81,16.38,5992.0,18534.0,0.5472972972972973,1.9,1.71,1.05
PATLICAN UZUN,2018,Fall,2.01,1217.33,6.34,23.78,5992.0,18534.0,0.9730769230769232,3.037179487179487,1.22,1.57
PATLICAN UZUN,2019,Winter,4.94,1486.33,6.0,20.11,6476.0,19831.0,3.0441558441558443,6.8428571428571425,2.01,2.41
PATLICAN UZUN,2019,Spring,3.66,1486.33,6.44,19.3,6476.0,19831.0,2.140506329113924,5.188607594936709,4.94,1.71
PATLICAN UZUN,2019,Summer,1.3,1486.33,6.38,15.79,6476.0,19831.0,0.5385135135135135,2.055405405405405,3.66,1.22
PATLICAN UZUN,2019,Fall,1.52,1486.33,6.53,9.46,6476.0,19831.0,0.625974025974026,2.414285714285714,1.3,2.01
PATLICAN UZUN,2020,Winter,3.79,2226.67,6.57,12.12,5515.0,18219.0,2.083116883116883,5.496103896103896,1.52,4.94
PATLICAN UZUN,2020,Spring,2.96,2226.67,5.51,11.39,5515.0,18219.0,1.7791666666666666,4.138888888888889,3.79,3.66
PATLICAN UZUN,2020,Summer,2.13,2226.67,5.98,12.05,5515.0,18219.0,1.0027027027027027,3.2621621621621624,2.96,1.3
PATLICAN UZUN,2020,Fall,2.27,2226.67,6.2,12.56,5515.0,18219.0,1.0337662337662337,3.509090909090909,2.13,1.52
PATLICAN UZUN,2021,Winter,4.23,6709.0,6.71,15.06,3190.0,11347.0,2.6460526315789474,5.803947368421053,2.27,3.79
PATLICAN UZUN,2021,Spring,3.42,6709.0,6.69,16.64,3190.0,11347.0,2.2466666666666666,4.593333333333334,4.23,2.96
PATLICAN UZUN,2021,Summer,2.41,6709.0,7.34,18.58,3190.0,11347.0,1.184,3.6373333333333333,3.42,2.13
PATLICAN UZUN,2021,Fall,3.87,6709.0,7.99,20.27,3190.0,11347.0,0.7467532467532467,7.0,2.41,2.27
PATLICAN UZUN,2022,Winter,11.12,15353.33,13.29,46.48,2878.0,10433.0,4.1125,18.124342105263157,3.87,4.23
PATLICAN UZUN,2022,Spring,11.77,15353.33,21.62,68.26,2878.0,10433.0,5.552631578947368,17.99671052631579,11.12,3.42
PATLICAN UZUN,2022,Summer,6.25,15353.33,26.18,79.48,2878.0,10433.0,2.6818181818181817,9.82012987012987,11.77,2.41
PATLICAN UZUN,2022,Fall,9.76,15353.33,25.49,84.46,2878.0,10433.0,5.324675324675325,14.2012987012987,6.25,3.87
PATLICAN UZUN,2023,Winter,14.57,10488.0,22.27,58.8,3379.0,12438.0,7.8441558441558445,21.305194805194805,9.76,11.12
PATLICAN UZUN,2023,Spring,14.25,10488.0,20.55,44.41,3379.0,12438.0,9.03896103896104,19.467532467532468,14.57,11.77
PATLICAN UZUN,2023,Summer,16.08,10488.0,30.3,48.46,3379.0,12438.0,8.0,24.157894736842106,14.25,6.25
PATLICAN UZUN,2023,Fall,16.38,10488.0,39.39,61.63,3379.0,12438.0,8.0,24.76923076923077,16.08,9.76
PATLICAN UZUN,2024,Winter,24.68,11266.67,40.18,65.6,4242.0,18092.0,11.844155844155845,37.506493506493506,16.38,14.57
PATLICAN UZUN,2024,Spring,20.88,11266.67,42.39,71.27,4242.0,18092.0,12.49367088607595,29.265822784810126,24.68,14.25
PATLICAN UZUN,2024,Summer,20.95,11266.67,44.12,61.2,4242.0,18092.0,11.84,30.066666666666666,20.88,16.08
PATLICAN UZUN,2024,Fall,27.71,11266.67,43.82,48.33,4242.0,18092.0,15.293333333333333,40.12,20.95,16.38
PATLICAN UZUN,2025,Winter,43.58,14550.0,46.61,41.75,3381.0,13227.0,27.16883116883117,59.98701298701299,27.71,24.68
PATLICAN UZUN,2025,Spring,36.27,14550.0,46.68,37.09,3381.0,13227.0,25.063291139240505,47.46835443037975,43.58,20.88
PATLICAN UZUN,2025,Summer,26.09,14550.0,52.69,33.82,3381.0,13227.0,17.69736842105263,34.473684210526315,36.27,20.95
PATLICAN UZUN,2025,Fall,25.71,14550.0,56.39,32.39,3381.0,13227.0,16.558441558441558,34.87012987012987,26.09,27.71
PATLICAN UZUN,2026,Winter,54.21,,57.15,28.72,4248.57,13731.0,40.6578947368421,67.76315789473684,25.71,43.58
PATLICAN UZUN,2026,Spring,54.86,,71.54,,4248.57,13731.0,39.52054794520548,70.20547945205479,54.21,36.27
PATLICAN UZUN,2026,Summer,29.3,,66.72,,4248.57,13731.0,20.2,38.4,54.86,26.09
PIRASA,2014,Winter,0.66,886.0,4.54,7.05,4580.0,15290.0,0.4,0.9238095238095239,,
PIRASA,2014,Spring,0.62,886.0,4.58,9.14,4580.0,15290.0,0.3419354838709677,0.9064516129032258,0.66,
PIRASA,2014,Summer,1.86,886.0,4.38,9.34,4580.0,15290.0,1.2873015873015872,2.4333333333333336,0.62,
PIRASA,2014,Fall,0.93,886.0,4.24,8.99,4580.0,15290.0,0.5238461538461539,1.343076923076923,1.86,
PIRASA,2015,Winter,0.83,903.33,3.75,7.65,5010.0,17410.0,0.46,1.2061538461538461,0.93,0.66
PIRASA,2015,Spring,1.35,903.33,3.93,7.87,5010.0,17410.0,0.80234375,1.903125,0.83,0.62
PIRASA,2015,Summer,1.66,903.33,3.9,7.05,5010.0,17410.0,1.0208333333333333,2.3033333333333332,1.35,1.86
PIRASA,2015,Fall,1.12,903.33,3.84,7.88,5010.0,17410.0,0.5657534246575342,1.6739726027397261,1.66,0.93
PIRASA,2016,Winter,1.21,822.67,3.48,9.06,6680.0,24001.0,0.6653846153846154,1.7615384615384617,1.12,0.83
PIRASA,2016,Spring,0.9,822.67,3.63,6.87,6680.0,24001.0,0.5382716049382716,1.271604938271605,1.21,1.35
PIRASA,2016,Summer,1.76,822.67,3.79,8.16,6680.0,24001.0,0.9626666666666667,2.5493333333333332,0.9,1.66
PIRASA,2016,Fall,1.04,822.67,4.13,7.15,6680.0,24001.0,0.6205479452054795,1.4684931506849315,1.76,1.12
PIRASA,2017,Winter,1.07,906.33,4.59,9.3,5755.0,20389.0,0.6171052631578947,1.5302631578947368,1.04,1.21
PIRASA,2017,Spring,1.06,906.33,4.55,11.63,5755.0,20389.0,0.5717948717948718,1.5512820512820513,1.07,0.9
PIRASA,2017,Summer,1.43,906.33,4.48,10.45,5755.0,20389.0,0.7612903225806451,2.0999999999999996,1.06,1.76
PIRASA,2017,Fall,1.21,906.33,4.83,12.03,5755.0,20389.0,0.5936708860759493,1.8265822784810128,1.43,1.04
PIRASA,2018,Winter,0.88,1217.33,5.11,10.83,11720.0,44549.0,0.5,1.2592105263157896,1.21,1.07
PIRASA,2018,Spring,0.86,1217.33,5.46,11.08,11720.0,44549.0,0.48860759493670886,1.2379746835443037,0.88,1.06
PIRASA,2018,Summer,2.25,1217.33,5.81,16.38,11720.0,44549.0,1.008108108108108,3.5,0.86,1.43
PIRASA,2018,Fall,1.9,1217.33,6.34,23.78,11720.0,44549.0,0.9076923076923077,2.8846153846153846,2.25,1.21
PIRASA,2019,Winter,2.49,1486.33,6.0,20.11,11420.0,46811.0,1.4272727272727272,3.546753246753247,1.9,0.88
PIRASA,2019,Spring,3.26,1486.33,6.44,19.3,11420.0,46811.0,1.90126582278481,4.612658227848101,2.49,0.86
PIRASA,2019,Summer,2.64,1486.33,6.38,15.79,11420.0,46811.0,1.53125,3.75,3.26,2.25
PIRASA,2019,Fall,1.34,1486.33,6.53,9.46,11420.0,46811.0,0.687012987012987,2.0,2.64,1.9
PIRASA,2020,Winter,1.03,2226.67,6.57,12.12,10255.0,43158.0,0.512987012987013,1.5467532467532468,1.34,2.49
PIRASA,2020,Spring,1.54,2226.67,5.51,11.39,10255.0,43158.0,0.719718309859155,2.3549295774647887,1.03,3.26
PIRASA,2020,Summer,3.5,2226.67,5.98,12.05,10255.0,43158.0,2.0,5.0,1.54,2.64
PIRASA,2020,Fall,2.0,2226.67,6.2,12.56,10255.0,43158.0,1.095,2.8983333333333334,3.5,1.34
PIRASA,2021,Winter,1.93,6709.0,6.71,15.06,8238.0,32544.0,1.0184210526315791,2.848684210526316,2.0,1.03
PIRASA,2021,Spring,1.66,6709.0,6.69,16.64,8238.0,32544.0,0.9897058823529411,2.3397058823529413,1.93,1.54
PIRASA,2021,Fall,3.14,6709.0,7.99,20.27,8238.0,32544.0,1.2902777777777779,4.994027777777777,1.66,3.5
PIRASA,2022,Winter,3.62,15353.33,13.29,46.48,6077.0,26467.0,1.8763157894736842,5.363157894736842,3.14,2.0
PIRASA,2022,Spring,4.3,15353.33,21.62,68.26,6077.0,26467.0,2.4473684210526314,6.15921052631579,3.62,1.93
PIRASA,2022,Summer,7.04,15353.33,26.18,79.48,6077.0,26467.0,4.759740259740259,9.311688311688311,4.3,1.66
PIRASA,2022,Fall,7.92,15353.33,25.49,84.46,6077.0,26467.0,4.896103896103896,10.948051948051948,7.04,3.14
PIRASA,2023,Winter,6.79,10488.0,22.27,58.8,7432.0,29347.0,3.8701298701298703,9.71103896103896,7.92,3.62
PIRASA,2023,Spring,6.64,10488.0,20.55,44.41,7432.0,29347.0,3.6298701298701297,9.64935064935065,6.79,4.3
PIRASA,2023,Summer,13.85,10488.0,30.3,48.46,7432.0,29347.0,4.0,23.69736842105263,6.64,7.04
PIRASA,2023,Fall,13.45,10488.0,39.39,61.63,7432.0,29347.0,4.0,22.897435897435898,13.85,7.92
PIRASA,2024,Winter,14.73,11266.67,40.18,65.6,7681.0,30001.0,6.1558441558441555,23.31168831168831,13.45,6.79
PIRASA,2024,Spring,13.93,11266.67,42.39,71.27,7681.0,30001.0,7.6835443037974684,20.17721518987342,14.73,6.64
PIRASA,2024,Summer,20.34,11266.67,44.12,61.2,7681.0,30001.0,11.306666666666667,29.373333333333335,13.93,13.85
PIRASA,2024,Fall,20.2,11266.67,43.82,48.33,7681.0,30001.0,11.333333333333334,29.066666666666666,20.34,13.45
PIRASA,2025,Winter,21.57,14550.0,46.61,41.75,8132.0,31907.0,10.534246575342467,32.602739726027394,20.2,14.73
PIRASA,2025,Spring,21.2,14550.0,46.68,37.09,8132.0,31907.0,10.616438356164384,31.78082191780822,21.57,13.93
PIRASA,2025,Summer,24.19,14550.0,52.69,33.82,8132.0,31907.0,11.891891891891891,36.486486486486484,21.2,20.34
PIRASA,2025,Fall,24.25,14550.0,56.39,32.39,8132.0,31907.0,16.5,32.0,24.19,20.2
PIRASA,2026,Winter,23.05,,57.15,28.72,7947.84,31906.99,16.027397260273972,30.068493150684933,24.25,21.57
PIRASA,2026,Spring,28.22,,71.54,,7947.84,31906.99,19.589041095890412,36.84931506849315,23.05,21.2
PIRASA,2026,Summer,34.14,,66.72,,7947.84,31906.99,20.0,48.285714285714285,28.22,24.19
SALATALIK SILOR,2014,Winter,2.98,886.0,4.54,7.05,18806.0,185842.0,1.9166666666666667,4.0476190476190474,,
SALATALIK SILOR,2014,Spring,2.03,886.0,4.58,9.14,18806.0,185842.0,1.2990740740740743,2.7574074074074075,2.98,
SALATALIK SILOR,2014,Summer,1.35,886.0,4.38,9.34,18806.0,185842.0,0.8211538461538462,1.873076923076923,2.03,
SALATALIK SILOR,2014,Fall,1.35,886.0,4.24,8.99,18806.0,185842.0,0.7446153846153846,1.9492307692307693,1.35,
SALATALIK SILOR,2015,Winter,3.17,903.33,3.75,7.65,17278.0,146796.0,1.7615384615384615,4.569230769230769,1.35,2.98
SALATALIK SILOR,2015,Spring,1.79,903.33,3.93,7.87,17278.0,146796.0,0.9234375,2.6609375,3.17,2.03
SALATALIK SILOR,2015,Summer,1.42,903.33,3.9,7.05,17278.0,146796.0,0.7655405405405405,2.072972972972973,1.79,1.35
SALATALIK SILOR,2015,Fall,1.49,903.33,3.84,7.88,17278.0,146796.0,0.8506849315068493,2.1287671232876715,1.42,1.35
SALATALIK SILOR,2016,Winter,2.93,822.67,3.48,9.06,13330.0,140788.0,1.7993589743589742,4.0576923076923075,1.49,3.17
SALATALIK SILOR,2016,Spring,1.56,822.67,3.63,6.87,13330.0,140788.0,0.8222222222222222,2.304938271604938,2.93,1.79
SALATALIK SILOR,2016,Summer,1.23,822.67,3.79,8.16,13330.0,140788.0,0.704,1.7573333333333334,1.56,1.42
SALATALIK SILOR,2016,Fall,1.59,822.67,4.13,7.15,13330.0,140788.0,0.8684931506849315,2.310958904109589,1.23,1.49
SALATALIK SILOR,2017,Winter,3.51,906.33,4.59,9.3,12440.0,141542.0,2.168421052631579,4.860526315789474,1.59,2.93
SALATALIK SILOR,2017,Spring,2.21,906.33,4.55,11.63,12440.0,141542.0,1.382051282051282,3.037179487179487,3.51,1.56
SALATALIK SILOR,2017,Summer,1.24,906.33,4.48,10.45,12440.0,141542.0,0.6157894736842104,1.8736842105263158,2.21,1.23
SALATALIK SILOR,2017,Fall,1.59,906.33,4.83,12.03,12440.0,141542.0,0.7848101265822784,2.3974683544303796,1.24,1.59
SALATALIK SILOR,2018,Winter,2.99,1217.33,5.11,10.83,10363.0,117224.0,1.8289473684210527,4.160526315789474,1.59,3.51
SALATALIK SILOR,2018,Spring,2.04,1217.33,5.46,11.08,10363.0,117224.0,1.0746835443037976,2.9962025316455696,2.99,2.21
SALATALIK SILOR,2018,Summer,2.05,1217.33,5.81,16.38,10363.0,117224.0,1.087837837837838,3.0081081081081082,2.04,1.24
SALATALIK SILOR,2018,Fall,1.86,1217.33,6.34,23.78,10363.0,117224.0,0.8538461538461539,2.858974358974359,2.05,1.59
SALATALIK SILOR,2019,Winter,4.25,1486.33,6.0,20.11,9603.0,111367.0,2.5415584415584416,5.94935064935065,1.86,2.99
SALATALIK SILOR,2019,Spring,2.64,1486.33,6.44,19.3,9603.0,111367.0,1.5050632911392405,3.774683544303797,4.25,2.04
SALATALIK SILOR,2019,Summer,1.44,1486.33,6.38,15.79,9603.0,111367.0,0.6878378378378378,2.1824324324324325,2.64,2.05
SALATALIK SILOR,2019,Fall,2.23,1486.33,6.53,9.46,9603.0,111367.0,0.9935064935064936,3.4636363636363634,1.44,1.86
SALATALIK SILOR,2020,Winter,4.48,2226.67,6.57,12.12,7456.0,106967.0,2.531168831168831,6.4246753246753245,2.23,4.25
SALATALIK SILOR,2020,Spring,3.39,2226.67,5.51,11.39,7456.0,106967.0,2.0013888888888887,4.776388888888889,4.48,2.64
SALATALIK SILOR,2020,Summer,2.1,2226.67,5.98,12.05,7456.0,106967.0,1.1486486486486487,3.0513513513513515,3.39,1.44
SALATALIK SILOR,2020,Fall,2.54,2226.67,6.2,12.56,7456.0,106967.0,1.735064935064935,3.336363636363636,2.1,2.23
SALATALIK SILOR,2021,Winter,5.21,6709.0,6.71,15.06,5622.0,102293.0,3.4473684210526314,6.967105263157895,2.54,4.48
SALATALIK SILOR,2021,Spring,3.64,6709.0,6.69,16.64,5622.0,102293.0,2.532,4.748,5.21,3.39
SALATALIK SILOR,2021,Summer,3.16,6709.0,7.34,18.58,5622.0,102293.0,1.6206666666666667,4.689333333333333,3.64,2.1
SALATALIK SILOR,2021,Fall,3.06,6709.0,7.99,20.27,5622.0,102293.0,0.9577922077922078,5.157792207792207,3.16,2.54
SALATALIK SILOR,2022,Winter,8.95,15353.33,13.29,46.48,5617.0,102345.0,3.9947368421052634,13.913157894736843,3.06,5.21
SALATALIK SILOR,2022,Spring,10.56,15353.33,21.62,68.26,5617.0,102345.0,5.644736842105263,15.467105263157896,8.95,3.64
SALATALIK SILOR,2022,Summer,5.39,15353.33,26.18,79.48,5617.0,102345.0,3.0,7.7727272727272725,10.56,3.16
SALATALIK SILOR,2022,Fall,8.46,15353.33,25.49,84.46,5617.0,102345.0,3.2337662337662336,13.688311688311689,5.39,3.06
SALATALIK SILOR,2023,Winter,15.92,10488.0,22.27,58.8,7438.0,109866.0,8.61038961038961,23.22077922077922,8.46,8.95
SALATALIK SILOR,2023,Spring,16.84,10488.0,20.55,44.41,7438.0,109866.0,11.766233766233766,21.90909090909091,15.92,10.56
SALATALIK SILOR,2023,Summer,15.44,10488.0,30.3,48.46,7438.0,109866.0,8.0,22.88157894736842,16.84,5.39
SALATALIK SILOR,2023,Fall,16.13,10488.0,39.39,61.63,7438.0,109866.0,8.0,24.26923076923077,15.44,8.46
SALATALIK SILOR,2024,Winter,27.05,11266.67,40.18,65.6,7584.0,117034.0,13.181818181818182,40.90909090909091,16.13,15.92
SALATALIK SILOR,2024,Spring,21.28,11266.67,42.39,71.27,7584.0,117034.0,13.012658227848101,29.544303797468356,27.05,16.84
SALATALIK SILOR,2024,Summer,24.5,11266.67,44.12,61.2,7584.0,117034.0,13.786666666666667,35.21333333333333,21.28,15.44
SALATALIK SILOR,2024,Fall,29.47,11266.67,43.82,48.33,7584.0,117034.0,17.586666666666666,41.36,24.5,16.13
SALATALIK SILOR,2025,Winter,37.05,14550.0,46.61,41.75,8008.0,104108.0,23.064935064935064,51.02597402597402,29.47,27.05
SALATALIK SILOR,2025,Spring,32.78,14550.0,46.68,37.09,8008.0,104108.0,22.582278481012658,42.9746835443038,37.05,21.28
SALATALIK SILOR,2025,Summer,23.85,14550.0,52.69,33.82,8008.0,104108.0,14.407894736842104,33.28947368421053,32.78,24.5
SALATALIK SILOR,2025,Fall,26.66,14550.0,56.39,32.39,8008.0,104108.0,18.181818181818183,35.12987012987013,23.85,29.47
SALATALIK SILOR,2026,Winter,70.95,,57.15,28.72,8680.84,104108.14,51.18421052631579,90.72368421052632,26.66,37.05
SALATALIK SILOR,2026,Spring,48.32,,71.54,,8680.84,104108.14,35.61643835616438,61.02739726027397,70.95,32.78
SALATALIK SILOR,2026,Summer,26.9,,66.72,,8680.84,104108.14,17.5,36.3,48.32,23.85
