product_name,province,district,season,year,predicted_yield_per_decare_kg
BAKLA,İzmir,Bayındır,Fall,2026,507.03
BAKLA,İzmir,Bayındır,Spring,2026,507.03
BAKLA,İzmir,Bayındır,Summer,2026,507.03
BAKLA,İzmir,Bayındır,Winter,2026,507.03
BEZELYE,İzmir,Bayındır,Fall,2026,1649.57
BEZELYE,İzmir,Bayındır,Spring,2026,1649.57
BEZELYE,İzmir,Bayındır,Summer,2026,1649.57
BEZELYE,İzmir,Bayındır,Winter,2026,1649.57
BIBER SIVRI,İzmir,Bayındır,Fall,2026,3564.06
BIBER SIVRI,İzmir,Bayındır,Spring,2026,3564.06
BIBER SIVRI,İzmir,Bayındır,Summer,2026,3564.06
BIBER SIVRI,İzmir,Bayındır,Winter,2026,3564.06
BROKOLI,İzmir,Bayındır,Fall,2026,2285.71
BROKOLI,İzmir,Bayındır,Spring,2026,2285.71
BROKOLI,İzmir,Bayındır,Summer,2026,2285.71
BROKOLI,İzmir,Bayındır,Winter,2026,2285.71
DOMATES SALKIM,İzmir,Bayındır,Fall,2026,4896.39
DOMATES SALKIM,İzmir,Bayındır,Spring,2026,4896.39
DOMATES SALKIM,İzmir,Bayındır,Summer,2026,4896.39
DOMATES SALKIM,İzmir,Bayındır,Winter,2026,4896.39
ISPANAK,İzmir,Bayındır,Fall,2026,1320.45
ISPANAK,İzmir,Bayındır,Spring,2026,1320.45
ISPANAK,İzmir,Bayındır,Summer,2026,1320.45
ISPANAK,İzmir,Bayındır,Winter,2026,1320.45
KABAK TAZE,İzmir,Bayındır,Fall,2026,1930.08
KABAK TAZE,İzmir,Bayındır,Spring,2026,1930.08
KABAK TAZE,İzmir,Bayındır,Summer,2026,1930.08
KABAK TAZE,İzmir,Bayındır,Winter,2026,1930.08
KARNABAHAR,İzmir,Bayındır,Fall,2026,1588.83
KARNABAHAR,İzmir,Bayındır,Spring,2026,1588.83
KARNABAHAR,İzmir,Bayındır,Summer,2026,1588.83
KARNABAHAR,İzmir,Bayındır,Winter,2026,1588.83
KARPUZ,İzmir,Bayındır,Fall,2026,4340.13
KARPUZ,İzmir,Bayındır,Spring,2026,4340.13
KARPUZ,İzmir,Bayındır,Summer,2026,4340.13
KARPUZ,İzmir,Bayındır,Winter,2026,4340.13
LAHANA BEYAZ,İzmir,Bayındır,Fall,2026,1716.85
LAHANA BEYAZ,İzmir,Bayındır,Spring,2026,1716.85
LAHANA BEYAZ,İzmir,Bayındır,Summer,2026,1716.85
LAHANA BEYAZ,İzmir,Bayındır,Winter,2026,1716.85
LAHANA KIRMIZI,İzmir,Bayındır,Fall,2026,3781.67
LAHANA KIRMIZI,İzmir,Bayındır,Spring,2026,3781.67
LAHANA KIRMIZI,İzmir,Bayındır,Summer,2026,3781.67
LAHANA KIRMIZI,İzmir,Bayındır,Winter,2026,3781.67
MARUL,İzmir,Bayındır,Fall,2026,2413.96
MARUL,İzmir,Bayındır,Spring,2026,2413.96
MARUL,İzmir,Bayındır,Summer,2026,2413.96
MARUL,İzmir,Bayındır,Winter,2026,2413.96
PATLICAN UZUN,İzmir,Bayındır,Fall,2026,4223.98
PATLICAN UZUN,İzmir,Bayındır,Spring,2026,4223.98
PATLICAN UZUN,İzmir,Bayındır,Summer,2026,4223.98
PATLICAN UZUN,İzmir,Bayındır,Winter,2026,4223.98
PIRASA,İzmir,Bayındır,Fall,2026,4509.7
PIRASA,İzmir,Bayındır,Spring,2026,4509.7
PIRASA,İzmir,Bayındır,Summer,2026,4509.7
PIRASA,İzmir,Bayındır,Winter,2026,4509.7
SALATALIK SILOR,İzmir,Bayındır,Fall,2026,3251.2
SALATALIK SILOR,İzmir,Bayındır,Spring,2026,3251.2
SALATALIK SILOR,İzmir,Bayındır,Summer,2026,3251.2
SALATALIK SILOR,İzmir,Bayındır,Winter,2026,3251.2
BAKLA,İzmir,Bergama,Fall,2026,796.22
BAKLA,İzmir,Bergama,Spring,2026,796.22
BAKLA,İzmir,Bergama,Summer,2026,796.22
BAKLA,İzmir,Bergama,Winter,2026,796.22
BEZELYE,İzmir,Bergama,Fall,2026,678.71
BEZELYE,İzmir,Bergama,Spring,2026,678.71
BEZELYE,İzmir,Bergama,Summer,2026,678.71
BEZELYE,İzmir,Bergama,Winter,2026,678.71
BIBER SIVRI,İzmir,Bergama,Fall,2026,1000.15
BIBER SIVRI,İzmir,Bergama,Spring,2026,1000.15
BIBER SIVRI,İzmir,Bergama,Summer,2026,1000.15
BIBER SIVRI,İzmir,Bergama,Winter,2026,1000.15
BROKOLI,İzmir,Bergama,Fall,2026,2500.85
BROKOLI,İzmir,Bergama,Spring,2026,2500.85
BROKOLI,İzmir,Bergama,Summer,2026,2500.85
BROKOLI,İzmir,Bergama,Winter,2026,2500.85
DOMATES SALKIM,İzmir,Bergama,Fall,2026,13124.88
DOMATES SALKIM,İzmir,Bergama,Spring,2026,13124.88
DOMATES SALKIM,İzmir,Bergama,Summer,2026,13124.88
DOMATES SALKIM,İzmir,Bergama,Winter,2026,13124.88
ISPANAK,İzmir,Bergama,Fall,2026,703.04
ISPANAK,İzmir,Bergama,Spring,2026,703.04
ISPANAK,İzmir,Bergama,Summer,2026,703.04
ISPANAK,İzmir,Bergama,Winter,2026,703.04
KABAK TAZE,İzmir,Bergama,Fall,2026,1801.81
KABAK TAZE,İzmir,Bergama,Spring,2026,1801.81
KABAK TAZE,İzmir,Bergama,Summer,2026,1801.81
KABAK TAZE,İzmir,Bergama,Winter,2026,1801.81
KARNABAHAR,İzmir,Bergama,Fall,2026,1624.5
KARNABAHAR,İzmir,Bergama,Spring,2026,1624.5
KARNABAHAR,İzmir,Bergama,Summer,2026,1624.5
KARNABAHAR,İzmir,Bergama,Winter,2026,1624.5
KARPUZ,İzmir,Bergama,Fall,2026,2204.79
KARPUZ,İzmir,Bergama,Spring,2026,2204.79
KARPUZ,İzmir,Bergama,Summer,2026,2204.79
KARPUZ,İzmir,Bergama,Winter,2026,2204.79
LAHANA BEYAZ,İzmir,Bergama,Fall,2026,3007.81
LAHANA BEYAZ,İzmir,Bergama,Spring,2026,3007.81
LAHANA BEYAZ,İzmir,Bergama,Summer,2026,3007.81
LAHANA BEYAZ,İzmir,Bergama,Winter,2026,3007.81
LAHANA KIRMIZI,İzmir,Bergama,Fall,2026,1876.47
LAHANA KIRMIZI,İzmir,Bergama,Spring,2026,1876.47
LAHANA KIRMIZI,İzmir,Bergama,Summer,2026,1876.47
LAHANA KIRMIZI,İzmir,Bergama,Winter,2026,1876.47
MARUL,İzmir,Bergama,Fall,2026,2065.79
MARUL,İzmir,Bergama,Spring,2026,2065.79
MARUL,İzmir,Bergama,Summer,2026,2065.79
MARUL,İzmir,Bergama,Winter,2026,2065.79
PATLICAN UZUN,İzmir,Bergama,Fall,2026,1807.9
PATLICAN UZUN,İzmir,Bergama,Spring,2026,1807.9
PATLICAN UZUN,İzmir,Bergama,Summer,2026,1807.9
PATLICAN UZUN,İzmir,Bergama,Winter,2026,1807.9
PIRASA,İzmir,Bergama,Fall,2026,2544.94
PIRASA,İzmir,Bergama,Spring,2026,2544.94
PIRASA,İzmir,Bergama,Summer,2026,2544.94
PIRASA,İzmir,Bergama,Winter,2026,2544.94
SALATALIK SILOR,İzmir,Bergama,Fall,2026,9028.41
SALATALIK SILOR,İzmir,Bergama,Spring,2026,9028.41
SALATALIK SILOR,İzmir,Bergama,Summer,2026,9028.41
SALATALIK SILOR,İzmir,Bergama,Winter,2026,9028.41
SOGAN KURU,İzmir,Bergama,Fall,2026,1065.07
SOGAN KURU,İzmir,Bergama,Spring,2026,1065.07
SOGAN KURU,İzmir,Bergama,Summer,2026,1065.07
SOGAN KURU,İzmir,Bergama,Winter,2026,1065.07
BAKLA,İzmir,Menderes,Fall,2026,491.4
BAKLA,İzmir,Menderes,Spring,2026,491.4
BAKLA,İzmir,Menderes,Summer,2026,491.4
BAKLA,İzmir,Menderes,Winter,2026,491.4
BIBER SIVRI,İzmir,Menderes,Fall,2026,2693.03
BIBER SIVRI,İzmir,Menderes,Spring,2026,2693.03
BIBER SIVRI,İzmir,Menderes,Summer,2026,2693.03
BIBER SIVRI,İzmir,Menderes,Winter,2026,2693.03
BROKOLI,İzmir,Menderes,Fall,2026,1900.73
BROKOLI,İzmir,Menderes,Spring,2026,1900.73
BROKOLI,İzmir,Menderes,Summer,2026,1900.73
BROKOLI,İzmir,Menderes,Winter,2026,1900.73
DOMATES SALKIM,İzmir,Menderes,Fall,2026,3721.25
DOMATES SALKIM,İzmir,Menderes,Spring,2026,3721.25
DOMATES SALKIM,İzmir,Menderes,Summer,2026,3721.25
DOMATES SALKIM,İzmir,Menderes,Winter,2026,3721.25
ISPANAK,İzmir,Menderes,Fall,2026,887.4
ISPANAK,İzmir,Menderes,Spring,2026,887.4
ISPANAK,İzmir,Menderes,Summer,2026,887.4
ISPANAK,İzmir,Menderes,Winter,2026,887.4
KABAK TAZE,İzmir,Menderes,Fall,2026,2007.89
KABAK TAZE,İzmir,Menderes,Spring,2026,2007.89
KABAK TAZE,İzmir,Menderes,Summer,2026,2007.89
KABAK TAZE,İzmir,Menderes,Winter,2026,2007.89
KARNABAHAR,İzmir,Menderes,Fall,2026,2030.0
KARNABAHAR,İzmir,Menderes,Spring,2026,2030.0
KARNABAHAR,İzmir,Menderes,Summer,2026,2030.0
KARNABAHAR,İzmir,Menderes,Winter,2026,2030.0
KARPUZ,İzmir,Menderes,Fall,2026,3999.28
KARPUZ,İzmir,Menderes,Spring,2026,3999.28
KARPUZ,İzmir,Menderes,Summer,2026,3999.28
KARPUZ,İzmir,Menderes,Winter,2026,3999.28
LAHANA BEYAZ,İzmir,Menderes,Fall,2026,3510.5
LAHANA BEYAZ,İzmir,Menderes,Spring,2026,3510.5
LAHANA BEYAZ,İzmir,Menderes,Summer,2026,3510.5
LAHANA BEYAZ,İzmir,Menderes,Winter,2026,3510.5
LAHANA KIRMIZI,İzmir,Menderes,Fall,2026,2000.0
LAHANA KIRMIZI,İzmir,Menderes,Spring,2026,2000.0
LAHANA KIRMIZI,İzmir,Menderes,Summer,2026,2000.0
LAHANA KIRMIZI,İzmir,Menderes,Winter,2026,2000.0
MARUL,İzmir,Menderes,Fall,2026,3210.0
MARUL,İzmir,Menderes,Spring,2026,3210.0
MARUL,İzmir,Menderes,Summer,2026,3210.0
MARUL,İzmir,Menderes,Winter,2026,3210.0
PATLICAN UZUN,İzmir,Menderes,Fall,2026,4662.3
PATLICAN UZUN,İzmir,Menderes,Spring,2026,4662.3
PATLICAN UZUN,İzmir,Menderes,Summer,2026,4662.3
PATLICAN UZUN,İzmir,Menderes,Winter,2026,4662.3
PIRASA,İzmir,Menderes,Fall,2026,2983.9
PIRASA,İzmir,Menderes,Spring,2026,2983.9
PIRASA,İzmir,Menderes,Summer,2026,2983.9
PIRASA,İzmir,Menderes,Winter,2026,2983.9
SALATALIK SILOR,İzmir,Menderes,Fall,2026,18457.5
SALATALIK SILOR,İzmir,Menderes,Spring,2026,18457.5
SALATALIK SILOR,İzmir,Menderes,Summer,2026,18457.5
SALATALIK SILOR,İzmir,Menderes,Winter,2026,18457.5
BAKLA,İzmir,Tire,Fall,2026,810.42
BAKLA,İzmir,Tire,Spring,2026,810.42
BAKLA,İzmir,Tire,Summer,2026,810.42
BAKLA,İzmir,Tire,Winter,2026,810.42
BEZELYE,İzmir,Tire,Fall,2026,1047.76
BEZELYE,İzmir,Tire,Spring,2026,1047.76
BEZELYE,İzmir,Tire,Summer,2026,1047.76
BEZELYE,İzmir,Tire,Winter,2026,1047.76
BIBER SIVRI,İzmir,Tire,Fall,2026,1502.63
BIBER SIVRI,İzmir,Tire,Spring,2026,1502.63
BIBER SIVRI,İzmir,Tire,Summer,2026,1502.63
BIBER SIVRI,İzmir,Tire,Winter,2026,1502.63
BROKOLI,İzmir,Tire,Fall,2026,2712.16
BROKOLI,İzmir,Tire,Spring,2026,2712.16
BROKOLI,İzmir,Tire,Summer,2026,2712.16
BROKOLI,İzmir,Tire,Winter,2026,2712.16
DOMATES SALKIM,İzmir,Tire,Fall,2026,5737.06
DOMATES SALKIM,İzmir,Tire,Spring,2026,5737.06
DOMATES SALKIM,İzmir,Tire,Summer,2026,5737.06
DOMATES SALKIM,İzmir,Tire,Winter,2026,5737.06
ISPANAK,İzmir,Tire,Fall,2026,996.14
ISPANAK,İzmir,Tire,Spring,2026,996.14
ISPANAK,İzmir,Tire,Summer,2026,996.14
ISPANAK,İzmir,Tire,Winter,2026,996.14
KABAK TAZE,İzmir,Tire,Fall,2026,2643.97
KABAK TAZE,İzmir,Tire,Spring,2026,2643.97
KABAK TAZE,İzmir,Tire,Summer,2026,2643.97
KABAK TAZE,İzmir,Tire,Winter,2026,2643.97
KARNABAHAR,İzmir,Tire,Fall,2026,3709.07
KARNABAHAR,İzmir,Tire,Spring,2026,3709.07
KARNABAHAR,İzmir,Tire,Summer,2026,3709.07
KARNABAHAR,İzmir,Tire,Winter,2026,3709.07
KARPUZ,İzmir,Tire,Fall,2026,3211.39
KARPUZ,İzmir,Tire,Spring,2026,3211.39
KARPUZ,İzmir,Tire,Summer,2026,3211.39
KARPUZ,İzmir,Tire,Winter,2026,3211.39
LAHANA BEYAZ,İzmir,Tire,Fall,2026,5437.64
LAHANA BEYAZ,İzmir,Tire,Spring,2026,5437.64
LAHANA BEYAZ,İzmir,Tire,Summer,2026,5437.64
LAHANA BEYAZ,İzmir,Tire,Winter,2026,5437.64
MARUL,İzmir,Tire,Fall,2026,2344.57
MARUL,İzmir,Tire,Spring,2026,2344.57
MARUL,İzmir,Tire,Summer,2026,2344.57
MARUL,İzmir,Tire,Winter,2026,2344.57
PATLICAN UZUN,İzmir,Tire,Fall,2026,2991.07
PATLICAN UZUN,İzmir,Tire,Spring,2026,2991.07
PATLICAN UZUN,İzmir,Tire,Summer,2026,2991.07
PATLICAN UZUN,İzmir,Tire,Winter,2026,2991.07
PIRASA,İzmir,Tire,Fall,2026,3010.91
PIRASA,İzmir,Tire,Spring,2026,3010.91
PIRASA,İzmir,Tire,Summer,2026,3010.91
PIRASA,İzmir,Tire,Winter,2026,3010.91
SALATALIK SILOR,İzmir,Tire,Fall,2026,2838.1
SALATALIK SILOR,İzmir,Tire,Spring,2026,2838.1
SALATALIK SILOR,İzmir,Tire,Summer,2026,2838.1
SALATALIK SILOR,İzmir,Tire,Winter,2026,2838.1
BAKLA,İzmir,Torbalı,Fall,2026,1228.01
BAKLA,İzmir,Torbalı,Spring,2026,1228.01
BAKLA,İzmir,Torbalı,Summer,2026,1228.01
BAKLA,İzmir,Torbalı,Winter,2026,1228.01
BEZELYE,İzmir,Torbalı,Fall,2026,1432.58
BEZELYE,İzmir,Torbalı,Spring,2026,1432.58
BEZELYE,İzmir,Torbalı,Summer,2026,1432.58
BEZELYE,İzmir,Torbalı,Winter,2026,1432.58
BIBER SIVRI,İzmir,Torbalı,Fall,2026,3218.24
BIBER SIVRI,İzmir,Torbalı,Spring,2026,3218.24
BIBER SIVRI,İzmir,Torbalı,Summer,2026,3218.24
BIBER SIVRI,İzmir,Torbalı,Winter,2026,3218.24
BROKOLI,İzmir,Torbalı,Fall,2026,2633.25
BROKOLI,İzmir,Torbalı,Spring,2026,2633.25
BROKOLI,İzmir,Torbalı,Summer,2026,2633.25
BROKOLI,İzmir,Torbalı,Winter,2026,2633.25
DOMATES SALKIM,İzmir,Torbalı,Fall,2026,5491.55
DOMATES SALKIM,İzmir,Torbalı,Spring,2026,5491.55
DOMATES SALKIM,İzmir,Torbalı,Summer,2026,5491.55
DOMATES SALKIM,İzmir,Torbalı,Winter,2026,5491.55
ISPANAK,İzmir,Torbalı,Fall,2026,1282.3
ISPANAK,İzmir,Torbalı,Spring,2026,1282.3
ISPANAK,İzmir,Torbalı,Summer,2026,1282.3
ISPANAK,İzmir,Torbalı,Winter,2026,1282.3
KABAK TAZE,İzmir,Torbalı,Fall,2026,2944.35
KABAK TAZE,İzmir,Torbalı,Spring,2026,2944.35
KABAK TAZE,İzmir,Torbalı,Summer,2026,2944.35
KABAK TAZE,İzmir,Torbalı,Winter,2026,2944.35
KARNABAHAR,İzmir,Torbalı,Fall,2026,3554.63
KARNABAHAR,İzmir,Torbalı,Spring,2026,3554.63
KARNABAHAR,İzmir,Torbalı,Summer,2026,3554.63
KARNABAHAR,İzmir,Torbalı,Winter,2026,3554.63
KARPUZ,İzmir,Torbalı,Fall,2026,4205.3
KARPUZ,İzmir,Torbalı,Spring,2026,4205.3
KARPUZ,İzmir,Torbalı,Summer,2026,4205.3
KARPUZ,İzmir,Torbalı,Winter,2026,4205.3
LAHANA BEYAZ,İzmir,Torbalı,Fall,2026,4276.99
LAHANA BEYAZ,İzmir,Torbalı,Spring,2026,4276.99
LAHANA BEYAZ,İzmir,Torbalı,Summer,2026,4276.99
LAHANA BEYAZ,İzmir,Torbalı,Winter,2026,4276.99
LAHANA KIRMIZI,İzmir,Torbalı,Fall,2026,2450.79
LAHANA KIRMIZI,İzmir,Torbalı,Spring,2026,2450.79
LAHANA KIRMIZI,İzmir,Torbalı,Summer,2026,2450.79
LAHANA KIRMIZI,İzmir,Torbalı,Winter,2026,2450.79
MARUL,İzmir,Torbalı,Fall,2026,2831.17
MARUL,İzmir,Torbalı,Spring,2026,2831.17
MARUL,İzmir,Torbalı,Summer,2026,2831.17
MARUL,İzmir,Torbalı,Winter,2026,2831.17
PATLICAN UZUN,İzmir,Torbalı,Fall,2026,2578.8
PATLICAN UZUN,İzmir,Torbalı,Spring,2026,2578.8
PATLICAN UZUN,İzmir,Torbalı,Summer,2026,2578.8
PATLICAN UZUN,İzmir,Torbalı,Winter,2026,2578.8
PIRASA,İzmir,Torbalı,Fall,2026,4145.18
PIRASA,İzmir,Torbalı,Spring,2026,4145.18
PIRASA,İzmir,Torbalı,Summer,2026,4145.18
PIRASA,İzmir,Torbalı,Winter,2026,4145.18
SALATALIK SILOR,İzmir,Torbalı,Fall,2026,4900.53
SALATALIK SILOR,İzmir,Torbalı,Spring,2026,4900.53
SALATALIK SILOR,İzmir,Torbalı,Summer,2026,4900.53
SALATALIK SILOR,İzmir,Torbalı,Winter,2026,4900.53
BAKLA,İzmir,Ödemiş,Fall,2026,1500.0
BAKLA,İzmir,Ödemiş,Spring,2026,1500.0
BAKLA,İzmir,Ödemiş,Summer,2026,1500.0
BAKLA,İzmir,Ödemiş,Winter,2026,1500.0
BEZELYE,İzmir,Ödemiş,Fall,2026,1594.82
BEZELYE,İzmir,Ödemiş,Spring,2026,1594.82
BEZELYE,İzmir,Ödemiş,Summer,2026,1594.82
BEZELYE,İzmir,Ödemiş,Winter,2026,1594.82
BIBER SIVRI,İzmir,Ödemiş,Fall,2026,4008.03
BIBER SIVRI,İzmir,Ödemiş,Spring,2026,4008.03
BIBER SIVRI,İzmir,Ödemiş,Summer,2026,4008.03
BIBER SIVRI,İzmir,Ödemiş,Winter,2026,4008.03
BROKOLI,İzmir,Ödemiş,Fall,2026,2500.0
BROKOLI,İzmir,Ödemiş,Spring,2026,2500.0
BROKOLI,İzmir,Ödemiş,Summer,2026,2500.0
BROKOLI,İzmir,Ödemiş,Winter,2026,2500.0
DOMATES SALKIM,İzmir,Ödemiş,Fall,2026,8134.98
DOMATES SALKIM,İzmir,Ödemiş,Spring,2026,8134.98
DOMATES SALKIM,İzmir,Ödemiş,Summer,2026,8134.98
DOMATES SALKIM,İzmir,Ödemiş,Winter,2026,8134.98
ISPANAK,İzmir,Ödemiş,Fall,2026,1000.0
ISPANAK,İzmir,Ödemiş,Spring,2026,1000.0
ISPANAK,İzmir,Ödemiş,Summer,2026,1000.0
ISPANAK,İzmir,Ödemiş,Winter,2026,1000.0
KABAK TAZE,İzmir,Ödemiş,Fall,2026,4486.27
KABAK TAZE,İzmir,Ödemiş,Spring,2026,4486.27
KABAK TAZE,İzmir,Ödemiş,Summer,2026,4486.27
KABAK TAZE,İzmir,Ödemiş,Winter,2026,4486.27
KARNABAHAR,İzmir,Ödemiş,Fall,2026,4459.18
KARNABAHAR,İzmir,Ödemiş,Spring,2026,4459.18
KARNABAHAR,İzmir,Ödemiş,Summer,2026,4459.18
KARNABAHAR,İzmir,Ödemiş,Winter,2026,4459.18
KARPUZ,İzmir,Ödemiş,Fall,2026,4029.21
KARPUZ,İzmir,Ödemiş,Spring,2026,4029.21
KARPUZ,İzmir,Ödemiş,Summer,2026,4029.21
KARPUZ,İzmir,Ödemiş,Winter,2026,4029.21
LAHANA BEYAZ,İzmir,Ödemiş,Fall,2026,5055.04
LAHANA BEYAZ,İzmir,Ödemiş,Spring,2026,5055.04
LAHANA BEYAZ,İzmir,Ödemiş,Summer,2026,5055.04
LAHANA BEYAZ,İzmir,Ödemiş,Winter,2026,5055.04
LAHANA KIRMIZI,İzmir,Ödemiş,Fall,2026,4533.33
LAHANA KIRMIZI,İzmir,Ödemiş,Spring,2026,4533.33
LAHANA KIRMIZI,İzmir,Ödemiş,Summer,2026,4533.33
LAHANA KIRMIZI,İzmir,Ödemiş,Winter,2026,4533.33
MARUL,İzmir,Ödemiş,Fall,2026,4161.06
MARUL,İzmir,Ödemiş,Spring,2026,4161.06
MARUL,İzmir,Ödemiş,Summer,2026,4161.06
MARUL,İzmir,Ödemiş,Winter,2026,4161.06
PATLICAN UZUN,İzmir,Ödemiş,Fall,2026,4000.0
PATLICAN UZUN,İzmir,Ödemiş,Spring,2026,4000.0
PATLICAN UZUN,İzmir,Ödemiş,Summer,2026,4000.0
PATLICAN UZUN,İzmir,Ödemiş,Winter,2026,4000.0
PIRASA,İzmir,Ödemiş,Fall,2026,4001.06
PIRASA,İzmir,Ödemiş,Spring,2026,4001.06
PIRASA,İzmir,Ödemiş,Summer,2026,4001.06
PIRASA,İzmir,Ödemiş,Winter,2026,4001.06
SALATALIK SILOR,İzmir,Ödemiş,Fall,2026,5547.28
SALATALIK SILOR,İzmir,Ödemiş,Spring,2026,5547.28
SALATALIK SILOR,İzmir,Ödemiş,Summer,2026,5547.28
SALATALIK SILOR,İzmir,Ödemiş,Winter,2026,5547.28
SOGAN KURU,İzmir,Ödemiş,Fall,2026,2000.0
SOGAN KURU,İzmir,Ödemiş,Spring,2026,2000.0
SOGAN KURU,İzmir,Ödemiş,Summer,2026,2000.0
SOGAN KURU,İzmir,Ödemiş,Winter,2026,2000.0
